

INSERT INTO tbl_dispatch_route(route_zh,sort_tag,cloud_id)VALUES('安亭线','ABC','XYZABC');
INSERT INTO tbl_dispatch_route(route_zh,sort_tag,cloud_id)VALUES('嘉定线','ABC','XYZABC');
INSERT INTO tbl_dispatch_route(route_zh,sort_tag,cloud_id)VALUES('青浦线','ABC','XYZABC');
INSERT INTO tbl_dispatch_route(route_zh,sort_tag,cloud_id)VALUES('宝山线','ABC','XYZABC');
INSERT INTO tbl_dispatch_route(route_zh,sort_tag,cloud_id)VALUES('浦东线','ABC','XYZABC');
INSERT INTO tbl_dispatch_route(route_zh,sort_tag,cloud_id)VALUES('苏州线','ABC','XYZABC');
INSERT INTO tbl_dispatch_route(route_zh,sort_tag,cloud_id)VALUES('昆山线','ABC','XYZABC');
INSERT INTO tbl_dispatch_route(route_zh,sort_tag,cloud_id)VALUES('常熟线','ABC','XYZABC');
INSERT INTO tbl_dispatch_route(route_zh,sort_tag,cloud_id)VALUES('太仓线','ABC','XYZABC');
INSERT INTO tbl_dispatch_route(route_zh,sort_tag,cloud_id)VALUES('南京线','ABC','XYZABC');
INSERT INTO tbl_dispatch_route(route_zh,sort_tag,cloud_id)VALUES('仪征线','ABC','XYZABC');
INSERT INTO tbl_dispatch_route(route_zh,sort_tag,cloud_id)VALUES('平湖线','ABC','XYZABC');
INSERT INTO tbl_dispatch_route(route_zh,sort_tag,cloud_id)VALUES('长兴线','ABC','XYZABC');
INSERT INTO tbl_dispatch_route(route_zh,sort_tag,cloud_id)VALUES('杭州线','ABC','XYZABC');
INSERT INTO tbl_dispatch_route(route_zh,sort_tag,cloud_id)VALUES('宁波线','ABC','XYZABC');
INSERT INTO tbl_dispatch_route(route_zh,sort_tag,cloud_id)VALUES('武汉线','ABC','XYZABC');
INSERT INTO tbl_dispatch_route(route_zh,sort_tag,cloud_id)VALUES('长沙线','ABC','XYZABC');
INSERT INTO tbl_dispatch_route(route_zh,sort_tag,cloud_id)VALUES('天津线','ABC','XYZABC');


#--公司列表 11001,11002,11003,11004,11005,11006,12001,12002,12003
INSERT INTO mst_company(company,ne_zh,sort_tag,input_date,last_update,sys_flg,cloud_id)VALUES('11001','安亭锂电池仓库','ABC',NOW(),NOW(),'Normal','XYZABC');
INSERT INTO mst_company(company,ne_zh,sort_tag,input_date,last_update,sys_flg,cloud_id)VALUES('11002','安亭线束仓库','ABC',NOW(),NOW(),'Normal','XYZABC');
INSERT INTO mst_company(company,ne_zh,sort_tag,input_date,last_update,sys_flg,cloud_id)VALUES('11003','宝安公路仓库','ABC',NOW(),NOW(),'Normal','XYZABC');
INSERT INTO mst_company(company,ne_zh,sort_tag,input_date,last_update,sys_flg,cloud_id)VALUES('11004','长泾仓库','ABC',NOW(),NOW(),'Normal','XYZABC');
INSERT INTO mst_company(company,ne_zh,sort_tag,input_date,last_update,sys_flg,cloud_id)VALUES('11005','安亭CC仓库','ABC',NOW(),NOW(),'Normal','XYZABC');
INSERT INTO mst_company(company,ne_zh,sort_tag,input_date,last_update,sys_flg,cloud_id)VALUES('11006','安亭安莱德车队','ABC',NOW(),NOW(),'Normal','XYZABC');
INSERT INTO mst_company(company,ne_zh,sort_tag,input_date,last_update,sys_flg,cloud_id)VALUES('12001','江浙沪干线车队','ABC',NOW(),NOW(),'Normal','XYZABC');
INSERT INTO mst_company(company,ne_zh,sort_tag,input_date,last_update,sys_flg,cloud_id)VALUES('12002','浦东临港','ABC',NOW(),NOW(),'Normal','XYZABC');
INSERT INTO mst_company(company,ne_zh,sort_tag,input_date,last_update,sys_flg,cloud_id)VALUES('12003','外包车','ABC',NOW(),NOW(),'Normal','XYZABC');



INSERT INTO tbl_role(role,ne_zh,sort_tag,href_index,input_date,cloud_id)VALUES(11,'计划','ABC','CustomerService/transPlanList.jsp',NOW(),'XYZABC');
INSERT INTO tbl_role(role,ne_zh,sort_tag,href_index,input_date,cloud_id)VALUES(12,'调度','ABC','ShortDispatch/waitDispatchList.jsp',NOW(),'XYZABC');
INSERT INTO tbl_role(role,ne_zh,sort_tag,href_index,input_date,cloud_id)VALUES(13,'仓库','ABC','WareHouse/waitInOutList.jsp',NOW(),'XYZABC');


INSERT INTO tbl_user_account(user_a,ne_zh,login_name,login_pwd,can_login,role,cur_company,available_companys,sys_flg,cloud_id)VALUES(10011,'计划','jihua',MD5('abcd1234'),'Y',11,11003,'11001,11002,11003,11004,11005,11006','Normal','XYZABC');
INSERT INTO tbl_user_account(user_a,ne_zh,login_name,login_pwd,can_login,role,cur_company,available_companys,sys_flg,cloud_id)VALUES(10012,'调度','huanghua',MD5('abcd1234'),'Y',12,12001,'11001,11002,11003,11004,11005,11006,12001,12002,12003','Normal','XYZABC');
INSERT INTO tbl_user_account(user_a,ne_zh,login_name,login_pwd,can_login,role,cur_company,available_companys,sys_flg,cloud_id)VALUES(10013,'锂电池仓库','ldcck',MD5('abcd1234'),'Y',13,11001,'11001','Normal','XYZABC');
INSERT INTO tbl_user_account(user_a,ne_zh,login_name,login_pwd,can_login,role,cur_company,available_companys,sys_flg,cloud_id)VALUES(10014,'线束仓库','xsck',MD5('abcd1234'),'Y',13,11002,'11002','Normal','XYZABC');
INSERT INTO tbl_user_account(user_a,ne_zh,login_name,login_pwd,can_login,role,cur_company,available_companys,sys_flg,cloud_id)VALUES(10015,'宝安公路仓库','baglck',MD5('abcd1234'),'Y',13,11003,'11003','Normal','XYZABC');



INSERT INTO tbl_payment_object(obj_p,ne_zh,ne_short,init_spell,if_cus,if_provider,cloud_id,sys_flg)VALUES(22001,'艾斯坦','艾斯坦','AST','Y','N','XYZABC','Normal');
INSERT INTO tbl_payment_object(obj_p,ne_zh,ne_short,init_spell,if_cus,if_provider,cloud_id,sys_flg)VALUES(22002,'奥林安全','奥林安全','ALAQ','Y','N','XYZABC','Normal');
INSERT INTO tbl_payment_object(obj_p,ne_zh,ne_short,init_spell,if_cus,if_provider,cloud_id,sys_flg)VALUES(22003,'奥林汽配','奥林汽配','ALQP','Y','N','XYZABC','Normal');
INSERT INTO tbl_payment_object(obj_p,ne_zh,ne_short,init_spell,if_cus,if_provider,cloud_id,sys_flg)VALUES(22004,'常熟奥林','常熟奥林','AL','Y','N','XYZABC','Normal');
INSERT INTO tbl_payment_object(obj_p,ne_zh,ne_short,init_spell,if_cus,if_provider,cloud_id,sys_flg)VALUES(22005,'常熟瑞华','常熟瑞华','CSRH','Y','N','XYZABC','Normal');
INSERT INTO tbl_payment_object(obj_p,ne_zh,ne_short,init_spell,if_cus,if_provider,cloud_id,sys_flg)VALUES(22006,'大连变速器','大连变速器','DLBSQ','Y','N','XYZABC','Normal');
INSERT INTO tbl_payment_object(obj_p,ne_zh,ne_short,init_spell,if_cus,if_provider,cloud_id,sys_flg)VALUES(22007,'丹阳胶水','丹阳胶水','DYJS','Y','N','XYZABC','Normal');
INSERT INTO tbl_payment_object(obj_p,ne_zh,ne_short,init_spell,if_cus,if_provider,cloud_id,sys_flg)VALUES(22008,'电池包国内陆路运输','电池包国内陆路运输','DCB','Y','N','XYZABC','Normal');
INSERT INTO tbl_payment_object(obj_p,ne_zh,ne_short,init_spell,if_cus,if_provider,cloud_id,sys_flg)VALUES(22009,'法雷奥','法雷奥','FLA','Y','N','XYZABC','Normal');
INSERT INTO tbl_payment_object(obj_p,ne_zh,ne_short,init_spell,if_cus,if_provider,cloud_id,sys_flg)VALUES(22010,'峰梅','峰梅','FM','Y','N','XYZABC','Normal');
INSERT INTO tbl_payment_object(obj_p,ne_zh,ne_short,init_spell,if_cus,if_provider,cloud_id,sys_flg)VALUES(22011,'韩华','韩华','HH','Y','N','XYZABC','Normal');
INSERT INTO tbl_payment_object(obj_p,ne_zh,ne_short,init_spell,if_cus,if_provider,cloud_id,sys_flg)VALUES(22012,'汉高胶水','汉高胶水','HGJS','Y','N','XYZABC','Normal');
INSERT INTO tbl_payment_object(obj_p,ne_zh,ne_short,init_spell,if_cus,if_provider,cloud_id,sys_flg)VALUES(22013,'华美工程塑料（常熟）有限公司','常熟华美工程塑料','CSHMGC','Y','N','XYZABC','Normal');
INSERT INTO tbl_payment_object(obj_p,ne_zh,ne_short,init_spell,if_cus,if_provider,cloud_id,sys_flg)VALUES(22014,'华域三电','华域三电','HYSD','Y','N','XYZABC','Normal');
INSERT INTO tbl_payment_object(obj_p,ne_zh,ne_short,init_spell,if_cus,if_provider,cloud_id,sys_flg)VALUES(22015,'华域视觉','华域视觉','HYSJ','Y','N','XYZABC','Normal');
INSERT INTO tbl_payment_object(obj_p,ne_zh,ne_short,init_spell,if_cus,if_provider,cloud_id,sys_flg)VALUES(22016,'青浦吉谊','青浦吉谊','QPJY','Y','N','XYZABC','Normal');
INSERT INTO tbl_payment_object(obj_p,ne_zh,ne_short,init_spell,if_cus,if_provider,cloud_id,sys_flg)VALUES(22017,'青赵吉谊','青赵吉谊','QPJY','Y','N','XYZABC','Normal');
INSERT INTO tbl_payment_object(obj_p,ne_zh,ne_short,init_spell,if_cus,if_provider,cloud_id,sys_flg)VALUES(22018,'宝山吉谊','宝山吉谊','BSJY','Y','N','XYZABC','Normal');
INSERT INTO tbl_payment_object(obj_p,ne_zh,ne_short,init_spell,if_cus,if_provider,cloud_id,sys_flg)VALUES(22019,'捷太格特','捷太格特','JTGT','Y','N','XYZABC','Normal');
INSERT INTO tbl_payment_object(obj_p,ne_zh,ne_short,init_spell,if_cus,if_provider,cloud_id,sys_flg)VALUES(22020,'金鸿顺','金鸿顺','JHS','Y','N','XYZABC','Normal');
INSERT INTO tbl_payment_object(obj_p,ne_zh,ne_short,init_spell,if_cus,if_provider,cloud_id,sys_flg)VALUES(22021,'精智','精智','JZ','Y','N','XYZABC','Normal');
INSERT INTO tbl_payment_object(obj_p,ne_zh,ne_short,init_spell,if_cus,if_provider,cloud_id,sys_flg)VALUES(22022,'柯锐世','柯锐世','KRS','Y','N','XYZABC','Normal');
INSERT INTO tbl_payment_object(obj_p,ne_zh,ne_short,init_spell,if_cus,if_provider,cloud_id,sys_flg)VALUES(22023,'柯锐世短驳','柯锐世短驳','KRS','Y','N','XYZABC','Normal');
INSERT INTO tbl_payment_object(obj_p,ne_zh,ne_short,init_spell,if_cus,if_provider,cloud_id,sys_flg)VALUES(22024,'柯锐世红铅','柯锐世红铅','KRS','Y','N','XYZABC','Normal');
INSERT INTO tbl_payment_object(obj_p,ne_zh,ne_short,init_spell,if_cus,if_provider,cloud_id,sys_flg)VALUES(22025,'昆山哈特曼','昆山哈特曼','KSHTM','Y','N','XYZABC','Normal');
INSERT INTO tbl_payment_object(obj_p,ne_zh,ne_short,init_spell,if_cus,if_provider,cloud_id,sys_flg)VALUES(22026,'昆山沪光','昆山沪光','KSHG','Y','N','XYZABC','Normal');
INSERT INTO tbl_payment_object(obj_p,ne_zh,ne_short,init_spell,if_cus,if_provider,cloud_id,sys_flg)VALUES(22027,'昆山申雅密封','昆山申雅密封','KSSYMF','Y','N','XYZABC','Normal');
INSERT INTO tbl_payment_object(obj_p,ne_zh,ne_short,init_spell,if_cus,if_provider,cloud_id,sys_flg)VALUES(22028,'铝宏-车门槛','铝宏-车门槛','LHCMK','Y','N','XYZABC','Normal');
INSERT INTO tbl_payment_object(obj_p,ne_zh,ne_short,init_spell,if_cus,if_provider,cloud_id,sys_flg)VALUES(22029,'铝宏-电池壳','铝宏-电池壳','LHCMK','Y','N','XYZABC','Normal');
INSERT INTO tbl_payment_object(obj_p,ne_zh,ne_short,init_spell,if_cus,if_provider,cloud_id,sys_flg)VALUES(22030,'麦格纳斯太尔油箱','麦格纳斯太尔油箱','MGNSTE','Y','N','XYZABC','Normal');
INSERT INTO tbl_payment_object(obj_p,ne_zh,ne_short,init_spell,if_cus,if_provider,cloud_id,sys_flg)VALUES(22031,'上汽大众成品电池包','上汽大众成品电池包','NJDZ','Y','N','XYZABC','Normal');
INSERT INTO tbl_payment_object(obj_p,ne_zh,ne_short,init_spell,if_cus,if_provider,cloud_id,sys_flg)VALUES(22032,'宁波冲压件','宁波冲压件','NBCYJ','Y','N','XYZABC','Normal');
INSERT INTO tbl_payment_object(obj_p,ne_zh,ne_short,init_spell,if_cus,if_provider,cloud_id,sys_flg)VALUES(22033,'皮尔博格','皮尔博格','PEBG','Y','N','XYZABC','Normal');
INSERT INTO tbl_payment_object(obj_p,ne_zh,ne_short,init_spell,if_cus,if_provider,cloud_id,sys_flg)VALUES(22034,'平湖科世科','平湖科世科','PHKSK','Y','N','XYZABC','Normal');
INSERT INTO tbl_payment_object(obj_p,ne_zh,ne_short,init_spell,if_cus,if_provider,cloud_id,sys_flg)VALUES(22035,'璞和','璞和','PH','Y','N','XYZABC','Normal');
INSERT INTO tbl_payment_object(obj_p,ne_zh,ne_short,init_spell,if_cus,if_provider,cloud_id,sys_flg)VALUES(22036,'青浦申雅密封','青浦申雅密封','QPSYMF','Y','N','XYZABC','Normal');
INSERT INTO tbl_payment_object(obj_p,ne_zh,ne_short,init_spell,if_cus,if_provider,cloud_id,sys_flg)VALUES(22037,'赛科利','赛科利','SKL','Y','N','XYZABC','Normal');
INSERT INTO tbl_payment_object(obj_p,ne_zh,ne_short,init_spell,if_cus,if_provider,cloud_id,sys_flg)VALUES(22038,'上海马勒热有限公司','上海马勒热','SHMLR','Y','N','XYZABC','Normal');
INSERT INTO tbl_payment_object(obj_p,ne_zh,ne_short,init_spell,if_cus,if_provider,cloud_id,sys_flg)VALUES(22039,'康桥纳铁福','康桥纳铁福','SHNTF','Y','N','XYZABC','Normal');
INSERT INTO tbl_payment_object(obj_p,ne_zh,ne_short,init_spell,if_cus,if_provider,cloud_id,sys_flg)VALUES(22040,'上海瑞尔','上海瑞尔','SHRE','Y','N','XYZABC','Normal');
INSERT INTO tbl_payment_object(obj_p,ne_zh,ne_short,init_spell,if_cus,if_provider,cloud_id,sys_flg)VALUES(22041,'上海实业交通','上海实业交通','SHSYJT','Y','N','XYZABC','Normal');
INSERT INTO tbl_payment_object(obj_p,ne_zh,ne_short,init_spell,if_cus,if_provider,cloud_id,sys_flg)VALUES(22042,'上汽大众','上汽大众','SQDZ','Y','N','XYZABC','Normal');
INSERT INTO tbl_payment_object(obj_p,ne_zh,ne_short,init_spell,if_cus,if_provider,cloud_id,sys_flg)VALUES(22043,'上汽大众EPV','上汽大众EPV','SQDZ','Y','N','XYZABC','Normal');
INSERT INTO tbl_payment_object(obj_p,ne_zh,ne_short,init_spell,if_cus,if_provider,cloud_id,sys_flg)VALUES(22044,'上汽大众动力总成有限公司','上汽大众动力总成','SQDZDL','Y','N','XYZABC','Normal');
INSERT INTO tbl_payment_object(obj_p,ne_zh,ne_short,init_spell,if_cus,if_provider,cloud_id,sys_flg)VALUES(22045,'上汽国贸','上汽国贸','SQGM','Y','N','XYZABC','Normal');
INSERT INTO tbl_payment_object(obj_p,ne_zh,ne_short,init_spell,if_cus,if_provider,cloud_id,sys_flg)VALUES(22046,'绍兴三花','绍兴三花','SXSH','Y','N','XYZABC','Normal');
INSERT INTO tbl_payment_object(obj_p,ne_zh,ne_short,init_spell,if_cus,if_provider,cloud_id,sys_flg)VALUES(22047,'申江纳铁福','申江纳铁福','SJNTF','Y','N','XYZABC','Normal');
INSERT INTO tbl_payment_object(obj_p,ne_zh,ne_short,init_spell,if_cus,if_provider,cloud_id,sys_flg)VALUES(22048,'圣德曼','圣德曼','SDM','Y','N','XYZABC','Normal');
INSERT INTO tbl_payment_object(obj_p,ne_zh,ne_short,init_spell,if_cus,if_provider,cloud_id,sys_flg)VALUES(22049,'时代上汽','时代上汽','SDSQ','Y','N','XYZABC','Normal');
INSERT INTO tbl_payment_object(obj_p,ne_zh,ne_short,init_spell,if_cus,if_provider,cloud_id,sys_flg)VALUES(22050,'松下','松下','SX','Y','N','XYZABC','Normal');
INSERT INTO tbl_payment_object(obj_p,ne_zh,ne_short,init_spell,if_cus,if_provider,cloud_id,sys_flg)VALUES(22051,'苏州波特尼','苏州波特尼','SZBTN','Y','N','XYZABC','Normal');
INSERT INTO tbl_payment_object(obj_p,ne_zh,ne_short,init_spell,if_cus,if_provider,cloud_id,sys_flg)VALUES(22052,'苏州上声','苏州上声','SZSS','Y','N','XYZABC','Normal');
INSERT INTO tbl_payment_object(obj_p,ne_zh,ne_short,init_spell,if_cus,if_provider,cloud_id,sys_flg)VALUES(22053,'泰克西','泰克西','TKX','Y','N','XYZABC','Normal');
INSERT INTO tbl_payment_object(obj_p,ne_zh,ne_short,init_spell,if_cus,if_provider,cloud_id,sys_flg)VALUES(22054,'天津变速器','天津变速器','TJBSQ','Y','N','XYZABC','Normal');
INSERT INTO tbl_payment_object(obj_p,ne_zh,ne_short,init_spell,if_cus,if_provider,cloud_id,sys_flg)VALUES(22055,'通领','通领','TL','Y','N','XYZABC','Normal');
INSERT INTO tbl_payment_object(obj_p,ne_zh,ne_short,init_spell,if_cus,if_provider,cloud_id,sys_flg)VALUES(22056,'王桥三电','王桥三电','WQSD','Y','N','XYZABC','Normal');
INSERT INTO tbl_payment_object(obj_p,ne_zh,ne_short,init_spell,if_cus,if_provider,cloud_id,sys_flg)VALUES(22057,'芜湖马瑞利','芜湖马瑞利','WHMRL','Y','N','XYZABC','Normal');
INSERT INTO tbl_payment_object(obj_p,ne_zh,ne_short,init_spell,if_cus,if_provider,cloud_id,sys_flg)VALUES(22058,'延锋','延锋','YF','Y','N','XYZABC','Normal');
INSERT INTO tbl_payment_object(obj_p,ne_zh,ne_short,init_spell,if_cus,if_provider,cloud_id,sys_flg)VALUES(22059,'平湖英汇','平湖英汇','YH','Y','N','XYZABC','Normal');
INSERT INTO tbl_payment_object(obj_p,ne_zh,ne_short,init_spell,if_cus,if_provider,cloud_id,sys_flg)VALUES(22060,'英凯博','英凯博','YKB','Y','N','XYZABC','Normal');
INSERT INTO tbl_payment_object(obj_p,ne_zh,ne_short,init_spell,if_cus,if_provider,cloud_id,sys_flg)VALUES(22061,'长沙陆运','长沙陆运','CSLY','Y','N','XYZABC','Normal');
INSERT INTO tbl_payment_object(obj_p,ne_zh,ne_short,init_spell,if_cus,if_provider,cloud_id,sys_flg)VALUES(22062,'仪征纳铁福','仪征纳铁福','YZNTF','Y','N','XYZABC','Normal');
INSERT INTO tbl_payment_object(obj_p,ne_zh,ne_short,init_spell,if_cus,if_provider,cloud_id,sys_flg)VALUES(21001,'短驳运输','短驳运输','DBYS','Y','N','XYZABC','Normal');
INSERT INTO tbl_payment_object(obj_p,ne_zh,ne_short,init_spell,if_cus,if_provider,cloud_id,sys_flg)VALUES(21002,'干线运输','干线运输','GXYS','Y','N','XYZABC','Normal');
INSERT INTO tbl_payment_object(obj_p,ne_zh,ne_short,init_spell,if_cus,if_provider,cloud_id,sys_flg)VALUES(21003,'验车修车','验车修车','YCXC','Y','N','XYZABC','Normal');
INSERT INTO tbl_payment_object(obj_p,ne_zh,ne_short,init_spell,if_cus,if_provider,cloud_id,sys_flg)VALUES(21004,'锂电池','锂电池','LDC','Y','N','XYZABC','Normal');
INSERT INTO tbl_payment_object(obj_p,ne_zh,ne_short,init_spell,if_cus,if_provider,cloud_id,sys_flg)VALUES(21005,'包装部','包装部','BZB','Y','N','XYZABC','Normal');
INSERT INTO tbl_payment_object(obj_p,ne_zh,ne_short,init_spell,if_cus,if_provider,cloud_id,sys_flg)VALUES(21006,'联谊托运部','联谊托运部','LYTYB','Y','N','XYZABC','Normal');



INSERT INTO tbl_trans_line(line_tag,obj_p,plan_k,time_level,ne_zh1,address_1,linkman_1,window_1,remark_1,ne_zh2,address_2,linkman_2,window_2,remark_2,route_zh,cloud_id)VALUES('',21001,'直提直送','可调','塔山路仓库','上海嘉定区安亭镇塔山路1382号','','','','联谊仓库','','','','','安亭线','XYZABC');
INSERT INTO tbl_trans_line(line_tag,obj_p,plan_k,time_level,ne_zh1,address_1,linkman_1,window_1,remark_1,ne_zh2,address_2,linkman_2,window_2,remark_2,route_zh,cloud_id)VALUES('',21001,'直提直送','可调','塔山路仓库','上海嘉定区安亭镇塔山路1382号','','','','望新仓库','外冈镇外钱公路1307号','','','','安亭线','XYZABC');
INSERT INTO tbl_trans_line(line_tag,obj_p,plan_k,time_level,ne_zh1,address_1,linkman_1,window_1,remark_1,ne_zh2,address_2,linkman_2,window_2,remark_2,route_zh,cloud_id)VALUES('',21001,'直提直送','可调','宝安公路仓库','宝安公路5065号','','','','长泾仓库','上海市外冈镇长泾村鸡场路37号','','','','安亭线','XYZABC');
INSERT INTO tbl_trans_line(line_tag,obj_p,plan_k,time_level,ne_zh1,address_1,linkman_1,window_1,remark_1,ne_zh2,address_2,linkman_2,window_2,remark_2,route_zh,cloud_id)VALUES('',21001,'直提直送','可调','塔山路仓库','上海嘉定区安亭镇塔山路1382号','','','','长泾仓库','上海市外冈镇长泾村鸡场路37号','','','','安亭线','XYZABC');
INSERT INTO tbl_trans_line(line_tag,obj_p,plan_k,time_level,ne_zh1,address_1,linkman_1,window_1,remark_1,ne_zh2,address_2,linkman_2,window_2,remark_2,route_zh,cloud_id)VALUES('',21001,'直提直送','可调','宝安公路仓库','宝安公路5065号','','','','望新仓库','外冈镇外钱公路1307号','','','','安亭线','XYZABC');
INSERT INTO tbl_trans_line(line_tag,obj_p,plan_k,time_level,ne_zh1,address_1,linkman_1,window_1,remark_1,ne_zh2,address_2,linkman_2,window_2,remark_2,route_zh,cloud_id)VALUES('',21001,'直提直送','可调','塔山路仓库','上海嘉定区安亭镇塔山路1382号','','','','宝安公路仓库','宝安公路5065号','','','','安亭线','XYZABC');
INSERT INTO tbl_trans_line(line_tag,obj_p,plan_k,time_level,ne_zh1,address_1,linkman_1,window_1,remark_1,ne_zh2,address_2,linkman_2,window_2,remark_2,route_zh,cloud_id)VALUES('',21001,'直提直送','可调','长泾仓库','上海市外冈镇长泾村鸡场路37号','','','','宝安公路仓库','宝安公路5065号','','','','安亭线','XYZABC');
INSERT INTO tbl_trans_line(line_tag,obj_p,plan_k,time_level,ne_zh1,address_1,linkman_1,window_1,remark_1,ne_zh2,address_2,linkman_2,window_2,remark_2,route_zh,cloud_id)VALUES('',21001,'直提直送','可调','长泾仓库','上海市外冈镇长泾村鸡场路37号','','','','望新仓库','外冈镇外钱公路1307号','','','','安亭线','XYZABC');
INSERT INTO tbl_trans_line(line_tag,obj_p,plan_k,time_level,ne_zh1,address_1,linkman_1,window_1,remark_1,ne_zh2,address_2,linkman_2,window_2,remark_2,route_zh,cloud_id)VALUES('',21001,'单程提货','可调','塘庄','宝安公路5155号（大众CMC空箱中心）','','','','宝安公路仓库','宝安公路5065号','','','','安亭线','XYZABC');
INSERT INTO tbl_trans_line(line_tag,obj_p,plan_k,time_level,ne_zh1,address_1,linkman_1,window_1,remark_1,ne_zh2,address_2,linkman_2,window_2,remark_2,route_zh,cloud_id)VALUES('',21002,'往返运输','准时','长泾仓库','上海市外冈镇长泾村鸡场路37号','周海燕15123960591','','','慈溪仓库','','','','','宁波线','XYZABC');
INSERT INTO tbl_trans_line(line_tag,obj_p,plan_k,time_level,ne_zh1,address_1,linkman_1,window_1,remark_1,ne_zh2,address_2,linkman_2,window_2,remark_2,route_zh,cloud_id)VALUES('',21002,'直提直送','可调','仪征仓库','众鑫路88号','','','','安亭区域仓库','','','','','仪征线','XYZABC');
INSERT INTO tbl_trans_line(line_tag,obj_p,plan_k,time_level,ne_zh1,address_1,linkman_1,window_1,remark_1,ne_zh2,address_2,linkman_2,window_2,remark_2,route_zh,cloud_id)VALUES('',21002,'直提直送','可调','南京仓库','江宁开发区东善桥工业集中区宏图路16号','','','','安亭区域仓库','','','','','南京线','XYZABC');
INSERT INTO tbl_trans_line(line_tag,obj_p,plan_k,time_level,ne_zh1,address_1,linkman_1,window_1,remark_1,ne_zh2,address_2,linkman_2,window_2,remark_2,route_zh,cloud_id)VALUES('',21002,'直提直送','可调','慈溪仓库','','','','','安亭区域仓库','','','','','宁波线','XYZABC');
INSERT INTO tbl_trans_line(line_tag,obj_p,plan_k,time_level,ne_zh1,address_1,linkman_1,window_1,remark_1,ne_zh2,address_2,linkman_2,window_2,remark_2,route_zh,cloud_id)VALUES('',21002,'直提直送','可调','长沙仓库','黄江大道海吉星对面丰泉集配1018号2栋','','','','武汉仓库','全力南路68号','','','','武汉线','XYZABC');
INSERT INTO tbl_trans_line(line_tag,obj_p,plan_k,time_level,ne_zh1,address_1,linkman_1,window_1,remark_1,ne_zh2,address_2,linkman_2,window_2,remark_2,route_zh,cloud_id)VALUES('',21002,'直提直送','可调','长沙仓库','黄江大道海吉星对面丰泉集配1018号2栋','','','','安亭区域仓库','','','','','长沙线','XYZABC');
INSERT INTO tbl_trans_line(line_tag,obj_p,plan_k,time_level,ne_zh1,address_1,linkman_1,window_1,remark_1,ne_zh2,address_2,linkman_2,window_2,remark_2,route_zh,cloud_id)VALUES('',21002,'直提直送','可调','武汉仓库','全力南路68号','','','','安亭区域仓库','','','','','武汉线','XYZABC');
INSERT INTO tbl_trans_line(line_tag,obj_p,plan_k,time_level,ne_zh1,address_1,linkman_1,window_1,remark_1,ne_zh2,address_2,linkman_2,window_2,remark_2,route_zh,cloud_id)VALUES('',21002,'直提直送','可调','安亭区域仓库','','','','','南京仓库','江宁开发区东善桥工业集中区宏图路16号','','','','南京线','XYZABC');
INSERT INTO tbl_trans_line(line_tag,obj_p,plan_k,time_level,ne_zh1,address_1,linkman_1,window_1,remark_1,ne_zh2,address_2,linkman_2,window_2,remark_2,route_zh,cloud_id)VALUES('',21002,'直提直送','可调','安亭区域仓库','','','','','仪征仓库','众鑫路88号','','','','南京线','XYZABC');
INSERT INTO tbl_trans_line(line_tag,obj_p,plan_k,time_level,ne_zh1,address_1,linkman_1,window_1,remark_1,ne_zh2,address_2,linkman_2,window_2,remark_2,route_zh,cloud_id)VALUES('',21002,'直提直送','可调','安亭区域仓库','','','','','长沙仓库','黄江大道海吉星对面丰泉集配1018号2栋','','','','长沙线','XYZABC');
INSERT INTO tbl_trans_line(line_tag,obj_p,plan_k,time_level,ne_zh1,address_1,linkman_1,window_1,remark_1,ne_zh2,address_2,linkman_2,window_2,remark_2,route_zh,cloud_id)VALUES('',21002,'直提直送','可调','安亭区域仓库','','','','','慈溪仓库','','','','','宁波线','XYZABC');
INSERT INTO tbl_trans_line(line_tag,obj_p,plan_k,time_level,ne_zh1,address_1,linkman_1,window_1,remark_1,ne_zh2,address_2,linkman_2,window_2,remark_2,route_zh,cloud_id)VALUES('',21003,'直提直送','可调','安亭','','','','','安亭','','','','','安亭线','XYZABC');
INSERT INTO tbl_trans_line(line_tag,obj_p,plan_k,time_level,ne_zh1,address_1,linkman_1,window_1,remark_1,ne_zh2,address_2,linkman_2,window_2,remark_2,route_zh,cloud_id)VALUES('',21004,'往返运输','可调','塔山路仓库','上海嘉定区安亭镇塔山路1382号','','','','MEB电池车间','','','','','安亭线','XYZABC');
INSERT INTO tbl_trans_line(line_tag,obj_p,plan_k,time_level,ne_zh1,address_1,linkman_1,window_1,remark_1,ne_zh2,address_2,linkman_2,window_2,remark_2,route_zh,cloud_id)VALUES('',21005,'单程送货','可调','望新仓库','外冈镇外钱公路1307号','','','','方泰五金城','','','','','安亭线','XYZABC');
INSERT INTO tbl_trans_line(line_tag,obj_p,plan_k,time_level,ne_zh1,address_1,linkman_1,window_1,remark_1,ne_zh2,address_2,linkman_2,window_2,remark_2,route_zh,cloud_id)VALUES('',21005,'单程送货','可调','安亭区域仓库','','','','','同发','嘉唐公路601号','','','','嘉定线','XYZABC');
INSERT INTO tbl_trans_line(line_tag,obj_p,plan_k,time_level,ne_zh1,address_1,linkman_1,window_1,remark_1,ne_zh2,address_2,linkman_2,window_2,remark_2,route_zh,cloud_id)VALUES('',21005,'单程送货','可调','安亭区域仓库','','','','','昌吉路','昌吉路8号','','','','安亭线','XYZABC');
INSERT INTO tbl_trans_line(line_tag,obj_p,plan_k,time_level,ne_zh1,address_1,linkman_1,window_1,remark_1,ne_zh2,address_2,linkman_2,window_2,remark_2,route_zh,cloud_id)VALUES('',21006,'直提直送','可调','联谊托运部','','','','','浦东新区外高桥','','','','','浦东线','XYZABC');
INSERT INTO tbl_trans_line(line_tag,obj_p,plan_k,time_level,ne_zh1,address_1,linkman_1,window_1,remark_1,ne_zh2,address_2,linkman_2,window_2,remark_2,route_zh,cloud_id)VALUES('',21006,'直提直送','可调','联谊托运部','','','','','浦东新区祝桥镇','','','','','浦东线','XYZABC');
INSERT INTO tbl_trans_line(line_tag,obj_p,plan_k,time_level,ne_zh1,address_1,linkman_1,window_1,remark_1,ne_zh2,address_2,linkman_2,window_2,remark_2,route_zh,cloud_id)VALUES('',21006,'直提直送','可调','联谊托运部','','','','','浦东新区临港 ','','','','','浦东线','XYZABC');
INSERT INTO tbl_trans_line(line_tag,obj_p,plan_k,time_level,ne_zh1,address_1,linkman_1,window_1,remark_1,ne_zh2,address_2,linkman_2,window_2,remark_2,route_zh,cloud_id)VALUES('',22001,'返空提货','可调','塔山路仓库','塔山路1385-2号空箱中心','杨瑞青','','LOC仓库拿空箱单，凭单提空箱。','无锡艾斯坦','无锡市新吴区新锦路105号','','','','南京线','XYZABC');
INSERT INTO tbl_trans_line(line_tag,obj_p,plan_k,time_level,ne_zh1,address_1,linkman_1,window_1,remark_1,ne_zh2,address_2,linkman_2,window_2,remark_2,route_zh,cloud_id)VALUES('',22002,'返空提货','一般','长泾仓库','上海市外冈镇长泾村鸡场路37号','','','','奥林安全','嘉定区众川路350号','沈燕+13918418158','','12.5M飞翼车','安亭线','XYZABC');
INSERT INTO tbl_trans_line(line_tag,obj_p,plan_k,time_level,ne_zh1,address_1,linkman_1,window_1,remark_1,ne_zh2,address_2,linkman_2,window_2,remark_2,route_zh,cloud_id)VALUES('',22003,'返空提货','一般','长泾仓库','上海市外冈镇长泾村鸡场路37号','','','','奥林汽配','嘉定区兴顺路393号','施费晔+59968333-3042','','12.5M飞翼车','嘉定线','XYZABC');
INSERT INTO tbl_trans_line(line_tag,obj_p,plan_k,time_level,ne_zh1,address_1,linkman_1,window_1,remark_1,ne_zh2,address_2,linkman_2,window_2,remark_2,route_zh,cloud_id)VALUES('',22004,'返空提货','一般','长泾仓库','上海市外冈镇长泾村鸡场路37号','','','','常熟奥林','江苏省常熟市古里镇白茆工业区红豆路25号 ','王晓喆 + 18021617285','','9.6M飞翼车','常熟线','XYZABC');
INSERT INTO tbl_trans_line(line_tag,obj_p,plan_k,time_level,ne_zh1,address_1,linkman_1,window_1,remark_1,ne_zh2,address_2,linkman_2,window_2,remark_2,route_zh,cloud_id)VALUES('',22005,'单程送货','可调','长泾仓库','上海市外冈镇长泾村鸡场路37号','','','','于塘路紫兰仓库','','','','','安亭线','XYZABC');
INSERT INTO tbl_trans_line(line_tag,obj_p,plan_k,time_level,ne_zh1,address_1,linkman_1,window_1,remark_1,ne_zh2,address_2,linkman_2,window_2,remark_2,route_zh,cloud_id)VALUES('',22006,'单程提货','可调','联晟','','','','','宝安公路仓库','宝安公路5065号','','','','安亭线','XYZABC');
INSERT INTO tbl_trans_line(line_tag,obj_p,plan_k,time_level,ne_zh1,address_1,linkman_1,window_1,remark_1,ne_zh2,address_2,linkman_2,window_2,remark_2,route_zh,cloud_id)VALUES('',22006,'单程送货','可调','宝安公路仓库','宝安公路5065号','','','','春意路灿坤','','','','','安亭线','XYZABC');
INSERT INTO tbl_trans_line(line_tag,obj_p,plan_k,time_level,ne_zh1,address_1,linkman_1,window_1,remark_1,ne_zh2,address_2,linkman_2,window_2,remark_2,route_zh,cloud_id)VALUES('',22008,'直提直送','准时','曹安公路5040号','上海市嘉定区曹安公路5040号','','','','园工路试车场','上海市嘉定区园工路1199号试车场','','','','安亭线','XYZABC');
INSERT INTO tbl_trans_line(line_tag,obj_p,plan_k,time_level,ne_zh1,address_1,linkman_1,window_1,remark_1,ne_zh2,address_2,linkman_2,window_2,remark_2,route_zh,cloud_id)VALUES('',22008,'直提直送','准时','MEB电池车间','上海市嘉定区安亭镇米泉路18号MEB电池车间','','','','浦东金京路','上海市浦东新区金京路2121号','','','','浦东线','XYZABC');
INSERT INTO tbl_trans_line(line_tag,obj_p,plan_k,time_level,ne_zh1,address_1,linkman_1,window_1,remark_1,ne_zh2,address_2,linkman_2,window_2,remark_2,route_zh,cloud_id)VALUES('',22008,'直提直送','准时','朱戴路储融检测','上海嘉定区朱戴路900号储融检测','','','','常州津通国际','常州武进区西湖8号津通国际工业园15a','','','','南京线','XYZABC');
INSERT INTO tbl_trans_line(line_tag,obj_p,plan_k,time_level,ne_zh1,address_1,linkman_1,window_1,remark_1,ne_zh2,address_2,linkman_2,window_2,remark_2,route_zh,cloud_id)VALUES('',22008,'直提直送','准时','MEB电池车间','上海市嘉定区安亭镇米泉路18号MEB电池车间','','','','园工路试车场','上海市嘉定区园工路1199号试车场','','','','安亭线','XYZABC');
INSERT INTO tbl_trans_line(line_tag,obj_p,plan_k,time_level,ne_zh1,address_1,linkman_1,window_1,remark_1,ne_zh2,address_2,linkman_2,window_2,remark_2,route_zh,cloud_id)VALUES('',22008,'直提直送','准时','大众二厂样板车间','上汽大众二厂','','','','园工路试车场','上海市嘉定区园工路1199号试车场','','','','安亭线','XYZABC');
INSERT INTO tbl_trans_line(line_tag,obj_p,plan_k,time_level,ne_zh1,address_1,linkman_1,window_1,remark_1,ne_zh2,address_2,linkman_2,window_2,remark_2,route_zh,cloud_id)VALUES('',22008,'直提直送','准时','MEB电池车间','上海市嘉定区安亭镇米泉路18号MEB电池车间','','','','朱戴路储融检测','上海嘉定区朱戴路900号储融检测','','','','嘉定线','XYZABC');
INSERT INTO tbl_trans_line(line_tag,obj_p,plan_k,time_level,ne_zh1,address_1,linkman_1,window_1,remark_1,ne_zh2,address_2,linkman_2,window_2,remark_2,route_zh,cloud_id)VALUES('',22008,'单程送货','准时','塔山路仓库','上海嘉定区安亭镇塔山路1382号','','','','园工路试车场','上海市嘉定区园工路1199号试车场','','','','安亭线','XYZABC');
INSERT INTO tbl_trans_line(line_tag,obj_p,plan_k,time_level,ne_zh1,address_1,linkman_1,window_1,remark_1,ne_zh2,address_2,linkman_2,window_2,remark_2,route_zh,cloud_id)VALUES('',22008,'单程送货','可调','塔山路仓库','上海嘉定区安亭镇塔山路1382号','','','','浦东新区汇成路','','','','','浦东线','XYZABC');
INSERT INTO tbl_trans_line(line_tag,obj_p,plan_k,time_level,ne_zh1,address_1,linkman_1,window_1,remark_1,ne_zh2,address_2,linkman_2,window_2,remark_2,route_zh,cloud_id)VALUES('',22008,'单程提货','可调','大众二厂样板车间','','','','','塔山路仓库','上海嘉定区安亭镇塔山路1382号','','','','安亭线','XYZABC');
INSERT INTO tbl_trans_line(line_tag,obj_p,plan_k,time_level,ne_zh1,address_1,linkman_1,window_1,remark_1,ne_zh2,address_2,linkman_2,window_2,remark_2,route_zh,cloud_id)VALUES('',22009,'返空提货','一般','长泾仓库','上海市外冈镇长泾村鸡场路37号','','','','法雷奥','上海市浦东新区泰华路800号','顾红+13661510074','','12.5M飞翼车','安亭线','XYZABC');
INSERT INTO tbl_trans_line(line_tag,obj_p,plan_k,time_level,ne_zh1,address_1,linkman_1,window_1,remark_1,ne_zh2,address_2,linkman_2,window_2,remark_2,route_zh,cloud_id)VALUES('',22010,'返空提货','可调','塔山路仓库','塔山路1385-2号空箱中心','杨瑞青','','LOC仓库拿空箱单，凭单提空箱。','宁波峰梅','宁波市江北区投资创业园C区长兴路525号','王海龙 18736738841','','','宁波线','XYZABC');
INSERT INTO tbl_trans_line(line_tag,obj_p,plan_k,time_level,ne_zh1,address_1,linkman_1,window_1,remark_1,ne_zh2,address_2,linkman_2,window_2,remark_2,route_zh,cloud_id)VALUES('',22011,'返空提货','一般','塔山路仓库','塔山路1385-2号空箱中心','杨瑞青','','','兴荣路韩华','嘉定区兴荣路1201','','','','嘉定线','XYZABC');
INSERT INTO tbl_trans_line(line_tag,obj_p,plan_k,time_level,ne_zh1,address_1,linkman_1,window_1,remark_1,ne_zh2,address_2,linkman_2,window_2,remark_2,route_zh,cloud_id)VALUES('',22012,'直提直送','准时','春归路299号','春归路299号','孙勇','','','MEB电池车间','上海市嘉定区安亭镇米泉路18号MEB电池车间','','','','安亭线','XYZABC');
INSERT INTO tbl_trans_line(line_tag,obj_p,plan_k,time_level,ne_zh1,address_1,linkman_1,window_1,remark_1,ne_zh2,address_2,linkman_2,window_2,remark_2,route_zh,cloud_id)VALUES('',22012,'直提直送','准时','丹阳汉高','江苏省镇江市丹阳市新桥镇群益工业园','季工','','','春归路299号','春归路299号','孙勇13938408650','','','南京线','XYZABC');
INSERT INTO tbl_trans_line(line_tag,obj_p,plan_k,time_level,ne_zh1,address_1,linkman_1,window_1,remark_1,ne_zh2,address_2,linkman_2,window_2,remark_2,route_zh,cloud_id)VALUES('',22013,'单程提货','可调','常熟瑞华','中国江苏常熟海虞镇新材料产业园海宁路16号','陈柳营-13776231920','','数量确认，单据签收','长泾仓库','上海市外冈镇长泾村鸡场路37号','仓库-02139556839','','数量确认，单据签收','常熟线','XYZABC');
INSERT INTO tbl_trans_line(line_tag,obj_p,plan_k,time_level,ne_zh1,address_1,linkman_1,window_1,remark_1,ne_zh2,address_2,linkman_2,window_2,remark_2,route_zh,cloud_id)VALUES('',22013,'单程送货','可调','长泾仓库','上海市外冈镇长泾村鸡场路37号','仓库-02139556839','','数量确认，单据签收','常熟瑞华','中国江苏常熟海虞镇新材料产业园海宁路16号','陈柳营-13776231920','','数量确认，单据签收','常熟线','XYZABC');
INSERT INTO tbl_trans_line(line_tag,obj_p,plan_k,time_level,ne_zh1,address_1,linkman_1,window_1,remark_1,ne_zh2,address_2,linkman_2,window_2,remark_2,route_zh,cloud_id)VALUES('',22014,'返空提货','准时','长泾仓库','上海市外冈镇长泾村鸡场路37号','','','','华域三电','浦东新区胜利路1118号','冯尧+13564569527','','12.5M飞翼车','浦东线','XYZABC');
INSERT INTO tbl_trans_line(line_tag,obj_p,plan_k,time_level,ne_zh1,address_1,linkman_1,window_1,remark_1,ne_zh2,address_2,linkman_2,window_2,remark_2,route_zh,cloud_id)VALUES('',22015,'单程提货','准时','叶城路小糸','嘉定区叶城路1665号','吕建+13917899895','','12.5M飞翼车','长泾仓库','上海市外冈镇长泾村鸡场路37号','','','','嘉定线','XYZABC');
INSERT INTO tbl_trans_line(line_tag,obj_p,plan_k,time_level,ne_zh1,address_1,linkman_1,window_1,remark_1,ne_zh2,address_2,linkman_2,window_2,remark_2,route_zh,cloud_id)VALUES('',22015,'单程提货','准时','兴文路','兴文路700号','殷杰+13818324619','','16.5M飞翼车','长泾仓库','上海市外冈镇长泾村鸡场路37号','','','','嘉定线','XYZABC');
INSERT INTO tbl_trans_line(line_tag,obj_p,plan_k,time_level,ne_zh1,address_1,linkman_1,window_1,remark_1,ne_zh2,address_2,linkman_2,window_2,remark_2,route_zh,cloud_id)VALUES('',22015,'单程送货','准时','宝按公路仓库','','','','','叶城路小糸','嘉定区叶城路1665号','费斌13671573290','','12.5M飞翼车','嘉定线','XYZABC');
INSERT INTO tbl_trans_line(line_tag,obj_p,plan_k,time_level,ne_zh1,address_1,linkman_1,window_1,remark_1,ne_zh2,address_2,linkman_2,window_2,remark_2,route_zh,cloud_id)VALUES('',22015,'单程提货','准时','汇仁路','汇仁路1768号','黄良海+13601924806','','16.5M飞翼车','宝安公路仓库','宝安公路5065号','','','','嘉定线','XYZABC');
INSERT INTO tbl_trans_line(line_tag,obj_p,plan_k,time_level,ne_zh1,address_1,linkman_1,window_1,remark_1,ne_zh2,address_2,linkman_2,window_2,remark_2,route_zh,cloud_id)VALUES('',22015,'单程提货','准时','叶城路767号','叶城路767号','','','','长泾仓库','上海市外冈镇长泾村鸡场路37号','','','','嘉定线','XYZABC');
INSERT INTO tbl_trans_line(line_tag,obj_p,plan_k,time_level,ne_zh1,address_1,linkman_1,window_1,remark_1,ne_zh2,address_2,linkman_2,window_2,remark_2,route_zh,cloud_id)VALUES('',22015,'单程提货','准时','兴邦路755号','兴邦路755号','','','','长泾仓库','上海市外冈镇长泾村鸡场路37号','','','','嘉定线','XYZABC');
INSERT INTO tbl_trans_line(line_tag,obj_p,plan_k,time_level,ne_zh1,address_1,linkman_1,window_1,remark_1,ne_zh2,address_2,linkman_2,window_2,remark_2,route_zh,cloud_id)VALUES('',22015,'单程提货','准时','兴荣路698号','兴荣路698号','','','','长泾仓库','上海市外冈镇长泾村鸡场路37号','','','','嘉定线','XYZABC');
INSERT INTO tbl_trans_line(line_tag,obj_p,plan_k,time_level,ne_zh1,address_1,linkman_1,window_1,remark_1,ne_zh2,address_2,linkman_2,window_2,remark_2,route_zh,cloud_id)VALUES('',22015,'单程提货','准时','宝安公路4791号','宝安公路4791号','','','','长泾仓库','上海市外冈镇长泾村鸡场路37号','','','','安亭线','XYZABC');
INSERT INTO tbl_trans_line(line_tag,obj_p,plan_k,time_level,ne_zh1,address_1,linkman_1,window_1,remark_1,ne_zh2,address_2,linkman_2,window_2,remark_2,route_zh,cloud_id)VALUES('',22015,'单程提货','准时','招贤路928号','招贤路928号','','','','长泾仓库','上海市外冈镇长泾村鸡场路37号','','','','嘉定线','XYZABC');
INSERT INTO tbl_trans_line(line_tag,obj_p,plan_k,time_level,ne_zh1,address_1,linkman_1,window_1,remark_1,ne_zh2,address_2,linkman_2,window_2,remark_2,route_zh,cloud_id)VALUES('',22015,'单程提货','可调','大众0075仓库','','','','','宝安公路仓库','宝安公路5065号','','','','安亭线','XYZABC');
INSERT INTO tbl_trans_line(line_tag,obj_p,plan_k,time_level,ne_zh1,address_1,linkman_1,window_1,remark_1,ne_zh2,address_2,linkman_2,window_2,remark_2,route_zh,cloud_id)VALUES('',22015,'单程提货','可调','清能路','','','','','长泾仓库','上海市外冈镇长泾村鸡场路37号','','','','安亭线','XYZABC');
INSERT INTO tbl_trans_line(line_tag,obj_p,plan_k,time_level,ne_zh1,address_1,linkman_1,window_1,remark_1,ne_zh2,address_2,linkman_2,window_2,remark_2,route_zh,cloud_id)VALUES('',22016,'返空提货','准时','安亭区域仓库','长泾+宝安公路仓库','','','','青浦吉谊','青浦吉谊','','','','青浦线','XYZABC');
INSERT INTO tbl_trans_line(line_tag,obj_p,plan_k,time_level,ne_zh1,address_1,linkman_1,window_1,remark_1,ne_zh2,address_2,linkman_2,window_2,remark_2,route_zh,cloud_id)VALUES('',22017,'返空提货','准时','安亭区域仓库','长泾+宝安公路仓库','','','','青赵吉谊','青赵吉谊','','','大车进不去','青浦线','XYZABC');
INSERT INTO tbl_trans_line(line_tag,obj_p,plan_k,time_level,ne_zh1,address_1,linkman_1,window_1,remark_1,ne_zh2,address_2,linkman_2,window_2,remark_2,route_zh,cloud_id)VALUES('',22018,'返空提货','准时','安亭区域仓库','长泾+宝安公路仓库','','','','宝山吉谊','宝山吉谊','','','','青浦线','XYZABC');
INSERT INTO tbl_trans_line(line_tag,obj_p,plan_k,time_level,ne_zh1,address_1,linkman_1,window_1,remark_1,ne_zh2,address_2,linkman_2,window_2,remark_2,route_zh,cloud_id)VALUES('',22019,'单程送货','一般','宝安公路仓库','宝安公路5065号','严志刚17321237511','任意','','浦东白马物流','金穗路1153号','','晚上7点前','','浦东线','XYZABC');
INSERT INTO tbl_trans_line(line_tag,obj_p,plan_k,time_level,ne_zh1,address_1,linkman_1,window_1,remark_1,ne_zh2,address_2,linkman_2,window_2,remark_2,route_zh,cloud_id)VALUES('',22020,'返空提货','一般','塔山路仓库','塔山路1385-2号空箱中心','杨瑞青','','','金鸿顺','张家港市经济开发区长新路30号','','','','常熟线','XYZABC');
INSERT INTO tbl_trans_line(line_tag,obj_p,plan_k,time_level,ne_zh1,address_1,linkman_1,window_1,remark_1,ne_zh2,address_2,linkman_2,window_2,remark_2,route_zh,cloud_id)VALUES('',22021,'直提直送','可调','汇仁路','','','','','康花路精智','','','','','浦东线','XYZABC');
INSERT INTO tbl_trans_line(line_tag,obj_p,plan_k,time_level,ne_zh1,address_1,linkman_1,window_1,remark_1,ne_zh2,address_2,linkman_2,window_2,remark_2,route_zh,cloud_id)VALUES('',22022,'单程送货','一般','宝安公路仓库','宝安公路5065','','','','两港大道','两港大道2999','','','7-1道口','浦东线','XYZABC');
INSERT INTO tbl_trans_line(line_tag,obj_p,plan_k,time_level,ne_zh1,address_1,linkman_1,window_1,remark_1,ne_zh2,address_2,linkman_2,window_2,remark_2,route_zh,cloud_id)VALUES('',22022,'单程送货','一般','宝安公路仓库','宝安公路5065','','','','倚天路','倚天路388号','','','','浦东线','XYZABC');
INSERT INTO tbl_trans_line(line_tag,obj_p,plan_k,time_level,ne_zh1,address_1,linkman_1,window_1,remark_1,ne_zh2,address_2,linkman_2,window_2,remark_2,route_zh,cloud_id)VALUES('',22022,'往返运输','一般','宝安公路仓库','宝安公路5065','','','','安研路','安研路201','','','','安亭线','XYZABC');
INSERT INTO tbl_trans_line(line_tag,obj_p,plan_k,time_level,ne_zh1,address_1,linkman_1,window_1,remark_1,ne_zh2,address_2,linkman_2,window_2,remark_2,route_zh,cloud_id)VALUES('',22022,'单程送货','一般','宝安公路仓库','宝安公路5065','','','','春浓路','春浓路955-2','','','','安亭线','XYZABC');
INSERT INTO tbl_trans_line(line_tag,obj_p,plan_k,time_level,ne_zh1,address_1,linkman_1,window_1,remark_1,ne_zh2,address_2,linkman_2,window_2,remark_2,route_zh,cloud_id)VALUES('',22022,'单程送货','一般','宝安公路仓库','宝安公路5065','','','','鹿吉路','鹿吉路303','周宇+13641856606','','危险品车','浦东线','XYZABC');
INSERT INTO tbl_trans_line(line_tag,obj_p,plan_k,time_level,ne_zh1,address_1,linkman_1,window_1,remark_1,ne_zh2,address_2,linkman_2,window_2,remark_2,route_zh,cloud_id)VALUES('',22022,'单程送货','可调','宝安公路仓库','宝安公路5065','','','','新丹路','新丹路555','薛浩然+15296710758','','','浦东线','XYZABC');
INSERT INTO tbl_trans_line(line_tag,obj_p,plan_k,time_level,ne_zh1,address_1,linkman_1,window_1,remark_1,ne_zh2,address_2,linkman_2,window_2,remark_2,route_zh,cloud_id)VALUES('',22022,'单程提货','准时','通用外库','浦东新区金穗路1055','','','带木托盘、缠绕膜；上午10点到达提货仓库','宝安公路仓库','宝安公路5065号','','','','浦东线','XYZABC');
INSERT INTO tbl_trans_line(line_tag,obj_p,plan_k,time_level,ne_zh1,address_1,linkman_1,window_1,remark_1,ne_zh2,address_2,linkman_2,window_2,remark_2,route_zh,cloud_id)VALUES('',22022,'单程送货','可调','宝安公路仓库','宝安公路5065号','','','','申霞路','申霞路335','','','','嘉定线','XYZABC');
INSERT INTO tbl_trans_line(line_tag,obj_p,plan_k,time_level,ne_zh1,address_1,linkman_1,window_1,remark_1,ne_zh2,address_2,linkman_2,window_2,remark_2,route_zh,cloud_id)VALUES('',22022,'单程送货','可调','宝安公路仓库','宝安公路5065号','','','','敬学路','敬学路101','','','','嘉定线','XYZABC');
INSERT INTO tbl_trans_line(line_tag,obj_p,plan_k,time_level,ne_zh1,address_1,linkman_1,window_1,remark_1,ne_zh2,address_2,linkman_2,window_2,remark_2,route_zh,cloud_id)VALUES('',22022,'单程提货','可调','丰功路','丰功路888','','','','宝安公路仓库','宝安公路5065号','','','','嘉定线','XYZABC');
INSERT INTO tbl_trans_line(line_tag,obj_p,plan_k,time_level,ne_zh1,address_1,linkman_1,window_1,remark_1,ne_zh2,address_2,linkman_2,window_2,remark_2,route_zh,cloud_id)VALUES('',22022,'单程送货','可调','宝安公路仓库','宝安公路5065','','','','湖州长兴仓库','湖州长兴县和平镇圣远供应链','闫宇+17357239557','','','长兴线','XYZABC');
INSERT INTO tbl_trans_line(line_tag,obj_p,plan_k,time_level,ne_zh1,address_1,linkman_1,window_1,remark_1,ne_zh2,address_2,linkman_2,window_2,remark_2,route_zh,cloud_id)VALUES('',22022,'单程提货','一般','顾徐路','浦东新区顾徐路8号','','','','宝安公路仓库','宝安公路5065号','','','','浦东线','XYZABC');
INSERT INTO tbl_trans_line(line_tag,obj_p,plan_k,time_level,ne_zh1,address_1,linkman_1,window_1,remark_1,ne_zh2,address_2,linkman_2,window_2,remark_2,route_zh,cloud_id)VALUES('',22022,'往返运输','可调','平安大道红庄村','奉贤区平安大道红庄村1179号','','','','宝安公路仓库','宝安公路5065号','','','','浦东线','XYZABC');
INSERT INTO tbl_trans_line(line_tag,obj_p,plan_k,time_level,ne_zh1,address_1,linkman_1,window_1,remark_1,ne_zh2,address_2,linkman_2,window_2,remark_2,route_zh,cloud_id)VALUES('',22022,'单程送货','可调','宝安公路仓库','宝安公路5065号','','','','浦东苗桥路','康桥德国工业园苗桥路460号','','','','浦东线','XYZABC');
INSERT INTO tbl_trans_line(line_tag,obj_p,plan_k,time_level,ne_zh1,address_1,linkman_1,window_1,remark_1,ne_zh2,address_2,linkman_2,window_2,remark_2,route_zh,cloud_id)VALUES('',22022,'单程送货','可调','宝安公路仓库','宝安公路5065号','','','','浦东重霄路','重霄路99号','','','','浦东线','XYZABC');
INSERT INTO tbl_trans_line(line_tag,obj_p,plan_k,time_level,ne_zh1,address_1,linkman_1,window_1,remark_1,ne_zh2,address_2,linkman_2,window_2,remark_2,route_zh,cloud_id)VALUES('',22022,'单程送货','可调','宝安公路仓库','宝安公路5065号','','','需翻托打包贴标签','宝钱公路4920号','外冈镇宝钱公路4920号(一汽大众售后库)','','','','嘉定线','XYZABC');
INSERT INTO tbl_trans_line(line_tag,obj_p,plan_k,time_level,ne_zh1,address_1,linkman_1,window_1,remark_1,ne_zh2,address_2,linkman_2,window_2,remark_2,route_zh,cloud_id)VALUES('',22022,'往返运输','可调','宝安公路仓库','宝安公路5065号','','','','特斯拉外库','平霄路500号','','','','嘉定线','XYZABC');
INSERT INTO tbl_trans_line(line_tag,obj_p,plan_k,time_level,ne_zh1,address_1,linkman_1,window_1,remark_1,ne_zh2,address_2,linkman_2,window_2,remark_2,route_zh,cloud_id)VALUES('',22022,'单程提货','可调','园区路','','','','返上汽不良品','宝安公路仓库','宝安公路5065号','','','','浦东线','XYZABC');
INSERT INTO tbl_trans_line(line_tag,obj_p,plan_k,time_level,ne_zh1,address_1,linkman_1,window_1,remark_1,ne_zh2,address_2,linkman_2,window_2,remark_2,route_zh,cloud_id)VALUES('',22022,'往返运输','可调','宝安公路仓库','宝安公路5065号','','','','奉贤平南新苑','奉贤平南新苑','','','','浦东线','XYZABC');
INSERT INTO tbl_trans_line(line_tag,obj_p,plan_k,time_level,ne_zh1,address_1,linkman_1,window_1,remark_1,ne_zh2,address_2,linkman_2,window_2,remark_2,route_zh,cloud_id)VALUES('',22022,'单程送货','可调','湖州长兴仓库','湖州长兴县和平镇圣远供应链','','','','天津长城仓库','天津市北辰区福康路192号','','','','天津线','XYZABC');
INSERT INTO tbl_trans_line(line_tag,obj_p,plan_k,time_level,ne_zh1,address_1,linkman_1,window_1,remark_1,ne_zh2,address_2,linkman_2,window_2,remark_2,route_zh,cloud_id)VALUES('',22022,'单程送货','可调','湖州长兴仓库','湖州长兴县和平镇圣远供应链','','','','保定长城仓库','保定市莲池区天宇物流 ','','','','天津线','XYZABC');
INSERT INTO tbl_trans_line(line_tag,obj_p,plan_k,time_level,ne_zh1,address_1,linkman_1,window_1,remark_1,ne_zh2,address_2,linkman_2,window_2,remark_2,route_zh,cloud_id)VALUES('',22022,'往返运输','可调','长兴仓库','湖州长兴县和平镇圣远供应链','','','','宝安公路仓库','宝安公路5065号','','','','长兴线','XYZABC');
INSERT INTO tbl_trans_line(line_tag,obj_p,plan_k,time_level,ne_zh1,address_1,linkman_1,window_1,remark_1,ne_zh2,address_2,linkman_2,window_2,remark_2,route_zh,cloud_id)VALUES('',22023,'单程提货','可调','长兴柯锐世','浙江长兴经济开发区城南工业区1号','','','','长兴仓库','湖州长兴县和平镇圣远供应链','','','','长兴线','XYZABC');
INSERT INTO tbl_trans_line(line_tag,obj_p,plan_k,time_level,ne_zh1,address_1,linkman_1,window_1,remark_1,ne_zh2,address_2,linkman_2,window_2,remark_2,route_zh,cloud_id)VALUES('',22024,'往返运输','可调','长兴柯锐世','浙江长兴经济开发区城南工业区1号','','','','河南新乡','河南新乡县小冀镇南环路8号','','','','长兴线','XYZABC');
INSERT INTO tbl_trans_line(line_tag,obj_p,plan_k,time_level,ne_zh1,address_1,linkman_1,window_1,remark_1,ne_zh2,address_2,linkman_2,window_2,remark_2,route_zh,cloud_id)VALUES('',22025,'单程提货','准时','昆山哈特曼','昆山市三巷路418号','Lucy Yang-177 5122 9894 ','','9.6M飞翼车','长泾仓库','上海市外冈镇长泾村鸡场路37号','','','','昆山线','XYZABC');
INSERT INTO tbl_trans_line(line_tag,obj_p,plan_k,time_level,ne_zh1,address_1,linkman_1,window_1,remark_1,ne_zh2,address_2,linkman_2,window_2,remark_2,route_zh,cloud_id)VALUES('',22026,'返空提货','一般','塔山路仓库','塔山路1385-2号空箱中心','杨瑞青','','LOC仓库拿空箱单，凭单提空箱。','昆山沪光','昆山市张浦镇沪光路388号','朱雪栋15950152515','','','昆山线','XYZABC');
INSERT INTO tbl_trans_line(line_tag,obj_p,plan_k,time_level,ne_zh1,address_1,linkman_1,window_1,remark_1,ne_zh2,address_2,linkman_2,window_2,remark_2,route_zh,cloud_id)VALUES('',22027,'返空提货','可调','长泾仓库','上海市外冈镇长泾村鸡场路37号','','','','昆山申雅','杜鹃路','','','','昆山线','XYZABC');
INSERT INTO tbl_trans_line(line_tag,obj_p,plan_k,time_level,ne_zh1,address_1,linkman_1,window_1,remark_1,ne_zh2,address_2,linkman_2,window_2,remark_2,route_zh,cloud_id)VALUES('',22028,'直提直送','准时','春归路299号','春归路299号','孙勇','','','旭津物流1079','和静东路318号旭津仓库','','','','安亭线','XYZABC');
INSERT INTO tbl_trans_line(line_tag,obj_p,plan_k,time_level,ne_zh1,address_1,linkman_1,window_1,remark_1,ne_zh2,address_2,linkman_2,window_2,remark_2,route_zh,cloud_id)VALUES('',22028,'直提直送','准时','旭津物流1079','和静东路318号旭津仓库','','','','春归路299号','春归路299号','孙勇13938408650','','','安亭线','XYZABC');
INSERT INTO tbl_trans_line(line_tag,obj_p,plan_k,time_level,ne_zh1,address_1,linkman_1,window_1,remark_1,ne_zh2,address_2,linkman_2,window_2,remark_2,route_zh,cloud_id)VALUES('',22029,'返空提货','一般','塔山路仓库','塔山路1385-2号VMI库','瞿小芳','','','宁波铝宏','宁波市奉化区西坞街道西宁路46号','周舜凯 136-5588-7919','','','宁波线','XYZABC');
INSERT INTO tbl_trans_line(line_tag,obj_p,plan_k,time_level,ne_zh1,address_1,linkman_1,window_1,remark_1,ne_zh2,address_2,linkman_2,window_2,remark_2,route_zh,cloud_id)VALUES('',22030,'返空提货','准时','塔山路仓库','上海嘉定区安亭镇塔山路1382号','','','','昆山麦格纳 ','','冯海洋 18994334315','','','昆山线','XYZABC');
INSERT INTO tbl_trans_line(line_tag,obj_p,plan_k,time_level,ne_zh1,address_1,linkman_1,window_1,remark_1,ne_zh2,address_2,linkman_2,window_2,remark_2,route_zh,cloud_id)VALUES('',22030,'返空提货','可调','塔山路仓库','上海嘉定区安亭镇塔山路1382号','','','','兴庆路麦格纳','','','','A7油箱','嘉定线','XYZABC');
INSERT INTO tbl_trans_line(line_tag,obj_p,plan_k,time_level,ne_zh1,address_1,linkman_1,window_1,remark_1,ne_zh2,address_2,linkman_2,window_2,remark_2,route_zh,cloud_id)VALUES('',22031,'往返运输','一般','塔山路仓库','塔山路电池成品仓库','胡红宁','','','南京泖申仓库','江宁开发区东善桥工业集中区宏图路16号','','','','南京线','XYZABC');
INSERT INTO tbl_trans_line(line_tag,obj_p,plan_k,time_level,ne_zh1,address_1,linkman_1,window_1,remark_1,ne_zh2,address_2,linkman_2,window_2,remark_2,route_zh,cloud_id)VALUES('',22032,'往返运输','可调','长泾仓库','上海市外冈镇长泾村鸡场路37号','','','','宁波新众+宁波同舟','','','','','宁波线','XYZABC');
INSERT INTO tbl_trans_line(line_tag,obj_p,plan_k,time_level,ne_zh1,address_1,linkman_1,window_1,remark_1,ne_zh2,address_2,linkman_2,window_2,remark_2,route_zh,cloud_id)VALUES('',22032,'单程提货','可调','民丰路同舟','','','','','长泾仓库','上海市外冈镇长泾村鸡场路39号','','','','安亭线','XYZABC');
INSERT INTO tbl_trans_line(line_tag,obj_p,plan_k,time_level,ne_zh1,address_1,linkman_1,window_1,remark_1,ne_zh2,address_2,linkman_2,window_2,remark_2,route_zh,cloud_id)VALUES('',22032,'单程提货','可调','众月仓库','','','','','长泾仓库','上海市外冈镇长泾村鸡场路40号','','','','安亭线','XYZABC');
INSERT INTO tbl_trans_line(line_tag,obj_p,plan_k,time_level,ne_zh1,address_1,linkman_1,window_1,remark_1,ne_zh2,address_2,linkman_2,window_2,remark_2,route_zh,cloud_id)VALUES('',22033,'返空提货','一般','塔山路仓库','塔山路1385-2号空箱中心','杨瑞青','','','兴贤路皮尔博格','嘉定区兴贤路1288号','','','','嘉定线','XYZABC');
INSERT INTO tbl_trans_line(line_tag,obj_p,plan_k,time_level,ne_zh1,address_1,linkman_1,window_1,remark_1,ne_zh2,address_2,linkman_2,window_2,remark_2,route_zh,cloud_id)VALUES('',22034,'返空提货','准时','安亭区域仓库','上海嘉定区安亭镇塔山路1382号/宝安公路5065号','付海顺18717977161/严志刚15000830510','','派车单及时提交计划员','平湖科世科','平湖市昌盛路559号 西门进','李深15757882502','','','平湖线','XYZABC');
INSERT INTO tbl_trans_line(line_tag,obj_p,plan_k,time_level,ne_zh1,address_1,linkman_1,window_1,remark_1,ne_zh2,address_2,linkman_2,window_2,remark_2,route_zh,cloud_id)VALUES('',22034,'单程送货','准时','宝安公路仓库','上海嘉定区安亭镇宝安公路5065号','严志刚15000830510','','','昆山沪光','江苏省昆山市张浦镇沪光路388号','李莉132 9510 0835','','单据及时提交计划员','昆山线','XYZABC');
INSERT INTO tbl_trans_line(line_tag,obj_p,plan_k,time_level,ne_zh1,address_1,linkman_1,window_1,remark_1,ne_zh2,address_2,linkman_2,window_2,remark_2,route_zh,cloud_id)VALUES('',22034,'单程送货','可调','宝安公路仓库','宝安公路5065号','','','','烟台专线','马陆','','','','嘉定线','XYZABC');
INSERT INTO tbl_trans_line(line_tag,obj_p,plan_k,time_level,ne_zh1,address_1,linkman_1,window_1,remark_1,ne_zh2,address_2,linkman_2,window_2,remark_2,route_zh,cloud_id)VALUES('',22034,'直提直送','可调','平湖科世科','','','','','苏州波特尼','','','','','平湖线','XYZABC');
INSERT INTO tbl_trans_line(line_tag,obj_p,plan_k,time_level,ne_zh1,address_1,linkman_1,window_1,remark_1,ne_zh2,address_2,linkman_2,window_2,remark_2,route_zh,cloud_id)VALUES('',22035,'返空提货','可调','长泾仓库','上海市外冈镇长泾村鸡场路37号','','','','璞和','嘉定区霜竹公路821号','','','','嘉定线','XYZABC');
INSERT INTO tbl_trans_line(line_tag,obj_p,plan_k,time_level,ne_zh1,address_1,linkman_1,window_1,remark_1,ne_zh2,address_2,linkman_2,window_2,remark_2,route_zh,cloud_id)VALUES('',22036,'返空提货','可调','长泾仓库','上海市外冈镇长泾村鸡场路37号','','','','青浦申雅','久远路200号','','','','青浦线','XYZABC');
INSERT INTO tbl_trans_line(line_tag,obj_p,plan_k,time_level,ne_zh1,address_1,linkman_1,window_1,remark_1,ne_zh2,address_2,linkman_2,window_2,remark_2,route_zh,cloud_id)VALUES('',22037,'返空提货','一般','塔山路仓库','塔山路1385-2号空箱中心','杨瑞青','','','浦东赛科利','浦东新区金穗路775号','徐佳宁13764518895','','','浦东线','XYZABC');
INSERT INTO tbl_trans_line(line_tag,obj_p,plan_k,time_level,ne_zh1,address_1,linkman_1,window_1,remark_1,ne_zh2,address_2,linkman_2,window_2,remark_2,route_zh,cloud_id)VALUES('',22038,'单程提货','准时','浦东贝洱','上海浦东陇桥路355号','张沙38522634','','','宝安公路仓库','上海嘉定区安亭镇宝安公路5065号','严志刚15000830510','','单据及时提交仓库','浦东线','XYZABC');
INSERT INTO tbl_trans_line(line_tag,obj_p,plan_k,time_level,ne_zh1,address_1,linkman_1,window_1,remark_1,ne_zh2,address_2,linkman_2,window_2,remark_2,route_zh,cloud_id)VALUES('',22038,'单程送货','可调','塔山路仓库','塔山路1385-2号空箱中心','杨瑞青','','','浦东贝洱','浦东新区陇桥路355号','联系人龚得志 021-38522626','','','浦东线','XYZABC');
INSERT INTO tbl_trans_line(line_tag,obj_p,plan_k,time_level,ne_zh1,address_1,linkman_1,window_1,remark_1,ne_zh2,address_2,linkman_2,window_2,remark_2,route_zh,cloud_id)VALUES('',22039,'返空提货','可调','长泾仓库','上海市外冈镇长泾村鸡场路37号','仓库-02139556839','','数量确认，单据签收','康桥纳铁福','上海市浦东新区康桥路950号','陆剑-02158122412','','数量确认，单据签收','浦东线','XYZABC');
INSERT INTO tbl_trans_line(line_tag,obj_p,plan_k,time_level,ne_zh1,address_1,linkman_1,window_1,remark_1,ne_zh2,address_2,linkman_2,window_2,remark_2,route_zh,cloud_id)VALUES('',22039,'单程送货','可调','浦东仓库','','','','','北京仓库','北京--天津放空','','','','天津线','XYZABC');
INSERT INTO tbl_trans_line(line_tag,obj_p,plan_k,time_level,ne_zh1,address_1,linkman_1,window_1,remark_1,ne_zh2,address_2,linkman_2,window_2,remark_2,route_zh,cloud_id)VALUES('',22040,'返空提货','一般','长泾仓库','上海市外冈镇长泾村鸡场路37号','','','','上海瑞尔','嘉定区方泰众川路333号','周瑞娟-173 2111 4198','','9.6M飞翼车','安亭线','XYZABC');
INSERT INTO tbl_trans_line(line_tag,obj_p,plan_k,time_level,ne_zh1,address_1,linkman_1,window_1,remark_1,ne_zh2,address_2,linkman_2,window_2,remark_2,route_zh,cloud_id)VALUES('',22041,'返空提货','可调','长泾仓库','上海市外冈镇长泾村鸡场路37号','','','','上海实业','青浦华新镇卢蔡北路','','','','青浦线','XYZABC');
INSERT INTO tbl_trans_line(line_tag,obj_p,plan_k,time_level,ne_zh1,address_1,linkman_1,window_1,remark_1,ne_zh2,address_2,linkman_2,window_2,remark_2,route_zh,cloud_id)VALUES('',22042,'直提直送','可调','园汽路','','','','','大众三厂','','','','','安亭线','XYZABC');
INSERT INTO tbl_trans_line(line_tag,obj_p,plan_k,time_level,ne_zh1,address_1,linkman_1,window_1,remark_1,ne_zh2,address_2,linkman_2,window_2,remark_2,route_zh,cloud_id)VALUES('',22042,'直提直送','可调','大众二厂样板车间','上汽大众二厂','','','','太仓','','','','','太仓线','XYZABC');
INSERT INTO tbl_trans_line(line_tag,obj_p,plan_k,time_level,ne_zh1,address_1,linkman_1,window_1,remark_1,ne_zh2,address_2,linkman_2,window_2,remark_2,route_zh,cloud_id)VALUES('',22042,'直提直送','可调','大众二厂样板车间','上汽大众二厂','','','','泰裕路','','','','','安亭线','XYZABC');
INSERT INTO tbl_trans_line(line_tag,obj_p,plan_k,time_level,ne_zh1,address_1,linkman_1,window_1,remark_1,ne_zh2,address_2,linkman_2,window_2,remark_2,route_zh,cloud_id)VALUES('',22043,'直提直送','可调','大众二厂样板车间','上汽大众二厂','','','','常州TUV','','','','','南京线','XYZABC');
INSERT INTO tbl_trans_line(line_tag,obj_p,plan_k,time_level,ne_zh1,address_1,linkman_1,window_1,remark_1,ne_zh2,address_2,linkman_2,window_2,remark_2,route_zh,cloud_id)VALUES('',22043,'直提直送','可调','MEB电池车间','','','','','常州TUV','','','','','南京线','XYZABC');
INSERT INTO tbl_trans_line(line_tag,obj_p,plan_k,time_level,ne_zh1,address_1,linkman_1,window_1,remark_1,ne_zh2,address_2,linkman_2,window_2,remark_2,route_zh,cloud_id)VALUES('',22044,'单程提货','可调','大众动力总成','上海市嘉定区城北路3598号','赵健-13501893478','','数量确认，单据签收','长泾仓库','上海市外冈镇长泾村鸡场路37号','仓库-02139556839','','数量确认，单据签收','嘉定线','XYZABC');
INSERT INTO tbl_trans_line(line_tag,obj_p,plan_k,time_level,ne_zh1,address_1,linkman_1,window_1,remark_1,ne_zh2,address_2,linkman_2,window_2,remark_2,route_zh,cloud_id)VALUES('',22044,'单程送货','可调','长泾仓库','上海市外冈镇长泾村鸡场路37号','仓库-02139556839','','数量确认，单据签收','大众动力总成','上海市嘉定区城北路3598号','赵健-13501893478','','数量确认，单据签收','嘉定线','XYZABC');
INSERT INTO tbl_trans_line(line_tag,obj_p,plan_k,time_level,ne_zh1,address_1,linkman_1,window_1,remark_1,ne_zh2,address_2,linkman_2,window_2,remark_2,route_zh,cloud_id)VALUES('',22045,'直提直送','可调','方泰RDC','','','','','众川路仓库','','','','','安亭线','XYZABC');
INSERT INTO tbl_trans_line(line_tag,obj_p,plan_k,time_level,ne_zh1,address_1,linkman_1,window_1,remark_1,ne_zh2,address_2,linkman_2,window_2,remark_2,route_zh,cloud_id)VALUES('',22045,'单程送货','可调','众川路仓库','众川路350号','','','','浦东临港 ','','','','','浦东线','XYZABC');
INSERT INTO tbl_trans_line(line_tag,obj_p,plan_k,time_level,ne_zh1,address_1,linkman_1,window_1,remark_1,ne_zh2,address_2,linkman_2,window_2,remark_2,route_zh,cloud_id)VALUES('',22045,'单程送货','可调','众川路仓库','众川路350号','','','','浦东康桥','','','','','浦东线','XYZABC');
INSERT INTO tbl_trans_line(line_tag,obj_p,plan_k,time_level,ne_zh1,address_1,linkman_1,window_1,remark_1,ne_zh2,address_2,linkman_2,window_2,remark_2,route_zh,cloud_id)VALUES('',22045,'单程提货','可调','众川路仓库','众川路350号','','','','昆山宾科','','','','','昆山线','XYZABC');
INSERT INTO tbl_trans_line(line_tag,obj_p,plan_k,time_level,ne_zh1,address_1,linkman_1,window_1,remark_1,ne_zh2,address_2,linkman_2,window_2,remark_2,route_zh,cloud_id)VALUES('',22045,'单程送货','可调','众川路仓库','众川路350号','','','','浦东金桥','','','','','浦东线','XYZABC');
INSERT INTO tbl_trans_line(line_tag,obj_p,plan_k,time_level,ne_zh1,address_1,linkman_1,window_1,remark_1,ne_zh2,address_2,linkman_2,window_2,remark_2,route_zh,cloud_id)VALUES('',22045,'单程送货','可调','众川路仓库','众川路350号','','','','宝安公路仓库','','','','','安亭线','XYZABC');
INSERT INTO tbl_trans_line(line_tag,obj_p,plan_k,time_level,ne_zh1,address_1,linkman_1,window_1,remark_1,ne_zh2,address_2,linkman_2,window_2,remark_2,route_zh,cloud_id)VALUES('',22045,'单程送货','可调','众川路仓库','众川路350号','','','','园工路','','','','','安亭线','XYZABC');
INSERT INTO tbl_trans_line(line_tag,obj_p,plan_k,time_level,ne_zh1,address_1,linkman_1,window_1,remark_1,ne_zh2,address_2,linkman_2,window_2,remark_2,route_zh,cloud_id)VALUES('',22045,'单程送货','可调','众川路仓库','众川路350号','','','','兴荣路','','','','','嘉定线','XYZABC');
INSERT INTO tbl_trans_line(line_tag,obj_p,plan_k,time_level,ne_zh1,address_1,linkman_1,window_1,remark_1,ne_zh2,address_2,linkman_2,window_2,remark_2,route_zh,cloud_id)VALUES('',22045,'单程送货','可调','众川路仓库','众川路350号','','','','园汽路','','','','','安亭线','XYZABC');
INSERT INTO tbl_trans_line(line_tag,obj_p,plan_k,time_level,ne_zh1,address_1,linkman_1,window_1,remark_1,ne_zh2,address_2,linkman_2,window_2,remark_2,route_zh,cloud_id)VALUES('',22046,'返空提货','一般','塔山路仓库','塔山路1385-2号空箱中心','杨瑞青','','','绍兴三花','绍兴三花新能源汽车部件有限公司北门三号楼','王午丰15988255866','','','杭州线','XYZABC');
INSERT INTO tbl_trans_line(line_tag,obj_p,plan_k,time_level,ne_zh1,address_1,linkman_1,window_1,remark_1,ne_zh2,address_2,linkman_2,window_2,remark_2,route_zh,cloud_id)VALUES('',22047,'单程提货','可调','申江纳铁福','','','','','长泾仓库','上海市外冈镇长泾村鸡场路37号','','','','浦东线','XYZABC');
INSERT INTO tbl_trans_line(line_tag,obj_p,plan_k,time_level,ne_zh1,address_1,linkman_1,window_1,remark_1,ne_zh2,address_2,linkman_2,window_2,remark_2,route_zh,cloud_id)VALUES('',22048,'往返运输','准时','宝安公路仓库','宝安公路5065号','严志刚17321237511','早/晚7.30','','军工路','军工路2636号','王工15996717599','准时','','宝山线','XYZABC');
INSERT INTO tbl_trans_line(line_tag,obj_p,plan_k,time_level,ne_zh1,address_1,linkman_1,window_1,remark_1,ne_zh2,address_2,linkman_2,window_2,remark_2,route_zh,cloud_id)VALUES('',22048,'直提直送','准时','菊城路-洪华','','','早上','','于塘路永众仓库','大众0065仓库','','13.00-14.00','','嘉定线','XYZABC');
INSERT INTO tbl_trans_line(line_tag,obj_p,plan_k,time_level,ne_zh1,address_1,linkman_1,window_1,remark_1,ne_zh2,address_2,linkman_2,window_2,remark_2,route_zh,cloud_id)VALUES('',22048,'直提直送','准时','于塘路-弘安','','','早上或者中午左右','','大众动力总成','上海市嘉定区城北路3598号','','15.00-16.00','','嘉定线','XYZABC');
INSERT INTO tbl_trans_line(line_tag,obj_p,plan_k,time_level,ne_zh1,address_1,linkman_1,window_1,remark_1,ne_zh2,address_2,linkman_2,window_2,remark_2,route_zh,cloud_id)VALUES('',22048,'直提直送','准时','菊城路-洪华','','','早上或者中午左右','','大众动力总成','上海市嘉定区城北路3598号','','15.00-16.00','','嘉定线','XYZABC');
INSERT INTO tbl_trans_line(line_tag,obj_p,plan_k,time_level,ne_zh1,address_1,linkman_1,window_1,remark_1,ne_zh2,address_2,linkman_2,window_2,remark_2,route_zh,cloud_id)VALUES('',22048,'直提直送','准时','于塘路-弘安','','','','','苗桥路','苗桥路460号','','','','浦东线','XYZABC');
INSERT INTO tbl_trans_line(line_tag,obj_p,plan_k,time_level,ne_zh1,address_1,linkman_1,window_1,remark_1,ne_zh2,address_2,linkman_2,window_2,remark_2,route_zh,cloud_id)VALUES('',22048,'往返运输','可调','联谊仓库','','','','','菊城路-洪华','','','','','嘉定线','XYZABC');
INSERT INTO tbl_trans_line(line_tag,obj_p,plan_k,time_level,ne_zh1,address_1,linkman_1,window_1,remark_1,ne_zh2,address_2,linkman_2,window_2,remark_2,route_zh,cloud_id)VALUES('',22048,'往返运输','可调','联谊仓库','','','','','于塘路-弘安','','','','','嘉定线','XYZABC');
INSERT INTO tbl_trans_line(line_tag,obj_p,plan_k,time_level,ne_zh1,address_1,linkman_1,window_1,remark_1,ne_zh2,address_2,linkman_2,window_2,remark_2,route_zh,cloud_id)VALUES('',22048,'单程送货','可调','宝安公路仓库','宝安公路5065号','','','','弘安、洪华、永众','','','','','嘉定线','XYZABC');
INSERT INTO tbl_trans_line(line_tag,obj_p,plan_k,time_level,ne_zh1,address_1,linkman_1,window_1,remark_1,ne_zh2,address_2,linkman_2,window_2,remark_2,route_zh,cloud_id)VALUES('',22048,'单程送货','可调','宝安公路仓库','宝安公路5065号','','','','发动机三厂','','','','','安亭线','XYZABC');
INSERT INTO tbl_trans_line(line_tag,obj_p,plan_k,time_level,ne_zh1,address_1,linkman_1,window_1,remark_1,ne_zh2,address_2,linkman_2,window_2,remark_2,route_zh,cloud_id)VALUES('',22048,'往返运输','可调','宝安公路仓库','宝安公路5065号','','','','浦东金穗路交运','浦东金穗路','','','','浦东线','XYZABC');
INSERT INTO tbl_trans_line(line_tag,obj_p,plan_k,time_level,ne_zh1,address_1,linkman_1,window_1,remark_1,ne_zh2,address_2,linkman_2,window_2,remark_2,route_zh,cloud_id)VALUES('',22049,'返空提货','一般','安亭区域仓库','塔山路1385-2号空箱中心','杨瑞青','','塔山路仓库，长泾仓','溧阳时代上汽','溧阳市昆仑街道城北大道999号','','','','南京线','XYZABC');
INSERT INTO tbl_trans_line(line_tag,obj_p,plan_k,time_level,ne_zh1,address_1,linkman_1,window_1,remark_1,ne_zh2,address_2,linkman_2,window_2,remark_2,route_zh,cloud_id)VALUES('',22049,'返空提货','可调','溧阳仓库','','','','','溧阳时代','','','','','南京线','XYZABC');
INSERT INTO tbl_trans_line(line_tag,obj_p,plan_k,time_level,ne_zh1,address_1,linkman_1,window_1,remark_1,ne_zh2,address_2,linkman_2,window_2,remark_2,route_zh,cloud_id)VALUES('',22050,'单程送货','一般','宝安公路仓库','宝安公路5065号','严志刚17321237511','任意','','浦东白马物流','金穗路1153号','','晚上7点前','','浦东线','XYZABC');
INSERT INTO tbl_trans_line(line_tag,obj_p,plan_k,time_level,ne_zh1,address_1,linkman_1,window_1,remark_1,ne_zh2,address_2,linkman_2,window_2,remark_2,route_zh,cloud_id)VALUES('',22051,'往返运输','准时','苏州波特尼','苏州吴江区芦墟大道2299号','屠文峰13776106748','','','塔山路仓库','上海嘉定区安亭镇塔山路1382号','李秀丽15713271502/刘璐','','单据及时提交计划员','昆山线','XYZABC');
INSERT INTO tbl_trans_line(line_tag,obj_p,plan_k,time_level,ne_zh1,address_1,linkman_1,window_1,remark_1,ne_zh2,address_2,linkman_2,window_2,remark_2,route_zh,cloud_id)VALUES('',22052,'返空提货','一般','长泾仓库','上海市外冈镇长泾村鸡场路37号','','','','苏州上声','苏州市中创路333号','余海芳17751208760','','12.5M飞翼车','苏州线','XYZABC');
INSERT INTO tbl_trans_line(line_tag,obj_p,plan_k,time_level,ne_zh1,address_1,linkman_1,window_1,remark_1,ne_zh2,address_2,linkman_2,window_2,remark_2,route_zh,cloud_id)VALUES('',22053,'单程提货','可调','发动机三厂','','','','','长泾仓库','上海市外冈镇长泾村鸡场路37号','','','','安亭线','XYZABC');
INSERT INTO tbl_trans_line(line_tag,obj_p,plan_k,time_level,ne_zh1,address_1,linkman_1,window_1,remark_1,ne_zh2,address_2,linkman_2,window_2,remark_2,route_zh,cloud_id)VALUES('',22054,'直提直送','可调','天津仓库','港城大道与东金路交叉口向南300米','','','','长沙仓库','黄江大道海吉星对面丰泉集配1018号2栋','','','','天津线','XYZABC');
INSERT INTO tbl_trans_line(line_tag,obj_p,plan_k,time_level,ne_zh1,address_1,linkman_1,window_1,remark_1,ne_zh2,address_2,linkman_2,window_2,remark_2,route_zh,cloud_id)VALUES('',22054,'直提直送','可调','天津仓库','港城大道与东金路交叉口向南300米','','','','南京仓库','江宁开发区东善桥工业集中区宏图路16号','','','','天津线','XYZABC');
INSERT INTO tbl_trans_line(line_tag,obj_p,plan_k,time_level,ne_zh1,address_1,linkman_1,window_1,remark_1,ne_zh2,address_2,linkman_2,window_2,remark_2,route_zh,cloud_id)VALUES('',22054,'直提直送','可调','天津仓库','港城大道与东金路交叉口向南300米','','','','仪征仓库','众鑫路88号','','','','天津线','XYZABC');
INSERT INTO tbl_trans_line(line_tag,obj_p,plan_k,time_level,ne_zh1,address_1,linkman_1,window_1,remark_1,ne_zh2,address_2,linkman_2,window_2,remark_2,route_zh,cloud_id)VALUES('',22054,'直提直送','可调','天津仓库','港城大道与东金路交叉口向南300米','','','','慈溪仓库','','','','','天津线','XYZABC');
INSERT INTO tbl_trans_line(line_tag,obj_p,plan_k,time_level,ne_zh1,address_1,linkman_1,window_1,remark_1,ne_zh2,address_2,linkman_2,window_2,remark_2,route_zh,cloud_id)VALUES('',22054,'直提直送','可调','安亭区域仓库','','','','','天津仓库','港城大道与东金路交叉口向南300米','','','','天津线','XYZABC');
INSERT INTO tbl_trans_line(line_tag,obj_p,plan_k,time_level,ne_zh1,address_1,linkman_1,window_1,remark_1,ne_zh2,address_2,linkman_2,window_2,remark_2,route_zh,cloud_id)VALUES('',22054,'单程送货','可调','宝安公路仓库','宝安公路5065号','','','','春意路灿坤','','','','','安亭线','XYZABC');
INSERT INTO tbl_trans_line(line_tag,obj_p,plan_k,time_level,ne_zh1,address_1,linkman_1,window_1,remark_1,ne_zh2,address_2,linkman_2,window_2,remark_2,route_zh,cloud_id)VALUES('',22054,'单程送货','可调','天津仓库','港城大道与东金路交叉口向南300米','','','','安亭区域仓库','','','','','天津线','XYZABC');
INSERT INTO tbl_trans_line(line_tag,obj_p,plan_k,time_level,ne_zh1,address_1,linkman_1,window_1,remark_1,ne_zh2,address_2,linkman_2,window_2,remark_2,route_zh,cloud_id)VALUES('',22054,'单程提货','可调','天津爱达','','','','','天津仓库','港城大道与东金路交叉口向南300米','','','','天津线','XYZABC');
INSERT INTO tbl_trans_line(line_tag,obj_p,plan_k,time_level,ne_zh1,address_1,linkman_1,window_1,remark_1,ne_zh2,address_2,linkman_2,window_2,remark_2,route_zh,cloud_id)VALUES('',22055,'单程提货','一般','浦东通领','浦东新区古爱路228号','吴中汉 13585651497','','12.5M飞翼车','长泾仓库','上海市外冈镇长泾村鸡场路37号','','','','浦东线','XYZABC');
INSERT INTO tbl_trans_line(line_tag,obj_p,plan_k,time_level,ne_zh1,address_1,linkman_1,window_1,remark_1,ne_zh2,address_2,linkman_2,window_2,remark_2,route_zh,cloud_id)VALUES('',22056,'返空提货','准时','长泾仓库','上海市外冈镇长泾村鸡场路37号','','','','王桥三电','浦东新区利枝路66号','冯尧13564569527','','12.5M飞翼车','浦东线','XYZABC');
INSERT INTO tbl_trans_line(line_tag,obj_p,plan_k,time_level,ne_zh1,address_1,linkman_1,window_1,remark_1,ne_zh2,address_2,linkman_2,window_2,remark_2,route_zh,cloud_id)VALUES('',22057,'返空提货','可调','宝安公路仓库','宝安公路5065号','','','','芜湖马瑞利','','','','','南京线','XYZABC');
INSERT INTO tbl_trans_line(line_tag,obj_p,plan_k,time_level,ne_zh1,address_1,linkman_1,window_1,remark_1,ne_zh2,address_2,linkman_2,window_2,remark_2,route_zh,cloud_id)VALUES('',22058,'返空提货','可调','联谊仓库','','','','','民丰路延锋','','','','','安亭线','XYZABC');
INSERT INTO tbl_trans_line(line_tag,obj_p,plan_k,time_level,ne_zh1,address_1,linkman_1,window_1,remark_1,ne_zh2,address_2,linkman_2,window_2,remark_2,route_zh,cloud_id)VALUES('',22059,'返空提货','一般','塔山路仓库','塔山路1385-2号空箱中心','杨瑞青','','','平湖英汇','平湖市海振路222号','苏继坤17856193304 康昊17521015464','','','平湖线','XYZABC');
INSERT INTO tbl_trans_line(line_tag,obj_p,plan_k,time_level,ne_zh1,address_1,linkman_1,window_1,remark_1,ne_zh2,address_2,linkman_2,window_2,remark_2,route_zh,cloud_id)VALUES('',22060,'返空提货','可调','塔山路仓库','塔山路1385-2号空箱中心','杨瑞青','','LOC仓库拿空箱单，凭单提空箱。','宁波英凯博',' 浙江省宁波市江北区慈城镇 金山路228号英凯博（宁波）新能源汽车科技有限公司','联系人: 陈前 手机号码: 18858445788','','','宁波线','XYZABC');
INSERT INTO tbl_trans_line(line_tag,obj_p,plan_k,time_level,ne_zh1,address_1,linkman_1,window_1,remark_1,ne_zh2,address_2,linkman_2,window_2,remark_2,route_zh,cloud_id)VALUES('',22061,'单程提货','可调','联谊CC仓库','','','','','长泾仓库','上海市外冈镇长泾村鸡场路37号','','','','安亭线','XYZABC');
INSERT INTO tbl_trans_line(line_tag,obj_p,plan_k,time_level,ne_zh1,address_1,linkman_1,window_1,remark_1,ne_zh2,address_2,linkman_2,window_2,remark_2,route_zh,cloud_id)VALUES('',22062,'往返运输','可调','宝安公路仓库','宝安公路仓库','','','','两港大道','两港大道','','','','安亭线','XYZABC');
INSERT INTO tbl_trans_line(line_tag,obj_p,plan_k,time_level,ne_zh1,address_1,linkman_1,window_1,remark_1,ne_zh2,address_2,linkman_2,window_2,remark_2,route_zh,cloud_id)VALUES('',22062,'单程送货','可调','宝安公路仓库','宝安公路仓库','','','','倚天路','倚天路','','','','安亭线','XYZABC');



#--设置线路标记
UPDATE tbl_trans_line SET line_tag=CONCAT(ne_zh1,'-->',ne_zh2);


INSERT INTO tbl_user_account(user_a,ne_zh,tel,if_driver,can_login,cur_company,cloud_id,sys_flg)VALUES('31001','李冬生','18721100656','Y','N',11005,'XYZABC','Normal');
INSERT INTO tbl_user_account(user_a,ne_zh,tel,if_driver,can_login,cur_company,cloud_id,sys_flg)VALUES('31002','张小亮','13564939299','Y','N',11005,'XYZABC','Normal');
INSERT INTO tbl_user_account(user_a,ne_zh,tel,if_driver,can_login,cur_company,cloud_id,sys_flg)VALUES('31003','陈兆明','15102158459','Y','N',11005,'XYZABC','Normal');
INSERT INTO tbl_user_account(user_a,ne_zh,tel,if_driver,can_login,cur_company,cloud_id,sys_flg)VALUES('31004','丁作江','18221239388','Y','N',11005,'XYZABC','Normal');
INSERT INTO tbl_user_account(user_a,ne_zh,tel,if_driver,can_login,cur_company,cloud_id,sys_flg)VALUES('31005','孙长征','15000574378','Y','N',11005,'XYZABC','Normal');
INSERT INTO tbl_user_account(user_a,ne_zh,tel,if_driver,can_login,cur_company,cloud_id,sys_flg)VALUES('31006','张红太','15002193480','Y','N',11005,'XYZABC','Normal');
INSERT INTO tbl_user_account(user_a,ne_zh,tel,if_driver,can_login,cur_company,cloud_id,sys_flg)VALUES('31007','赵敏','18930806968','Y','N',11006,'XYZABC','Normal');
INSERT INTO tbl_user_account(user_a,ne_zh,tel,if_driver,can_login,cur_company,cloud_id,sys_flg)VALUES('31008','王甫亮','15821364578','Y','N',11006,'XYZABC','Normal');
INSERT INTO tbl_user_account(user_a,ne_zh,tel,if_driver,can_login,cur_company,cloud_id,sys_flg)VALUES('31009','张凤雷','18406471611','Y','N',11006,'XYZABC','Normal');
INSERT INTO tbl_user_account(user_a,ne_zh,tel,if_driver,can_login,cur_company,cloud_id,sys_flg)VALUES('31010','王恒灿','16621236148','Y','N',11006,'XYZABC','Normal');
INSERT INTO tbl_user_account(user_a,ne_zh,tel,if_driver,can_login,cur_company,cloud_id,sys_flg)VALUES('31011','孙庆永','13681755382','Y','N',11006,'XYZABC','Normal');
INSERT INTO tbl_user_account(user_a,ne_zh,tel,if_driver,can_login,cur_company,cloud_id,sys_flg)VALUES('31012','方涛','13472605058','Y','N',11006,'XYZABC','Normal');
INSERT INTO tbl_user_account(user_a,ne_zh,tel,if_driver,can_login,cur_company,cloud_id,sys_flg)VALUES('31013','张冰冰','13564442102','Y','N',11006,'XYZABC','Normal');
INSERT INTO tbl_user_account(user_a,ne_zh,tel,if_driver,can_login,cur_company,cloud_id,sys_flg)VALUES('31014','唐喃喃','18721968398','Y','N',11006,'XYZABC','Normal');
INSERT INTO tbl_user_account(user_a,ne_zh,tel,if_driver,can_login,cur_company,cloud_id,sys_flg)VALUES('31015','傅侠珲','18616285922','Y','N',11006,'XYZABC','Normal');
INSERT INTO tbl_user_account(user_a,ne_zh,tel,if_driver,can_login,cur_company,cloud_id,sys_flg)VALUES('31016','李全海','19165905202','Y','N',11006,'XYZABC','Normal');
INSERT INTO tbl_user_account(user_a,ne_zh,tel,if_driver,can_login,cur_company,cloud_id,sys_flg)VALUES('31017','凌忠','13524603942','Y','N',11006,'XYZABC','Normal');
INSERT INTO tbl_user_account(user_a,ne_zh,tel,if_driver,can_login,cur_company,cloud_id,sys_flg)VALUES('31018','刘志王','15221394518','Y','N',11006,'XYZABC','Normal');
INSERT INTO tbl_user_account(user_a,ne_zh,tel,if_driver,can_login,cur_company,cloud_id,sys_flg)VALUES('31019','张立成','13801658323','Y','N',11006,'XYZABC','Normal');
INSERT INTO tbl_user_account(user_a,ne_zh,tel,if_driver,can_login,cur_company,cloud_id,sys_flg)VALUES('31020','孙华军','13545081391','Y','N',11006,'XYZABC','Normal');
INSERT INTO tbl_user_account(user_a,ne_zh,tel,if_driver,can_login,cur_company,cloud_id,sys_flg)VALUES('31021','李占策','13956418456','Y','N',11006,'XYZABC','Normal');
INSERT INTO tbl_user_account(user_a,ne_zh,tel,if_driver,can_login,cur_company,cloud_id,sys_flg)VALUES('31022','张健','18052394110','Y','N',11006,'XYZABC','Normal');
INSERT INTO tbl_user_account(user_a,ne_zh,tel,if_driver,can_login,cur_company,cloud_id,sys_flg)VALUES('31023','汪守阳','18365548953','Y','N',11006,'XYZABC','Normal');
INSERT INTO tbl_user_account(user_a,ne_zh,tel,if_driver,can_login,cur_company,cloud_id,sys_flg)VALUES('31024','杨洋','15051671659','Y','N',11002,'XYZABC','Normal');
INSERT INTO tbl_user_account(user_a,ne_zh,tel,if_driver,can_login,cur_company,cloud_id,sys_flg)VALUES('31025','桑佰停','15137442155','Y','N',11002,'XYZABC','Normal');
INSERT INTO tbl_user_account(user_a,ne_zh,tel,if_driver,can_login,cur_company,cloud_id,sys_flg)VALUES('31026','吕全','18621697849','Y','N',11002,'XYZABC','Normal');
INSERT INTO tbl_user_account(user_a,ne_zh,tel,if_driver,can_login,cur_company,cloud_id,sys_flg)VALUES('31027','李连官','13987339436','Y','N',11002,'XYZABC','Normal');
INSERT INTO tbl_user_account(user_a,ne_zh,tel,if_driver,can_login,cur_company,cloud_id,sys_flg)VALUES('31028','张凯强','18221579690','Y','N',11002,'XYZABC','Normal');
INSERT INTO tbl_user_account(user_a,ne_zh,tel,if_driver,can_login,cur_company,cloud_id,sys_flg)VALUES('31029','夏天','15618273141','Y','N',11002,'XYZABC','Normal');
INSERT INTO tbl_user_account(user_a,ne_zh,tel,if_driver,can_login,cur_company,cloud_id,sys_flg)VALUES('31030','马跃文','15987339389','Y','N',11002,'XYZABC','Normal');
INSERT INTO tbl_user_account(user_a,ne_zh,tel,if_driver,can_login,cur_company,cloud_id,sys_flg)VALUES('31031','段新生','13837859868','Y','N',11002,'XYZABC','Normal');
INSERT INTO tbl_user_account(user_a,ne_zh,tel,if_driver,can_login,cur_company,cloud_id,sys_flg)VALUES('31032','王利明','15900545597','Y','N',11001,'XYZABC','Normal');
INSERT INTO tbl_user_account(user_a,ne_zh,tel,if_driver,can_login,cur_company,cloud_id,sys_flg)VALUES('31033','叶春林','18016099952','Y','N',11001,'XYZABC','Normal');
INSERT INTO tbl_user_account(user_a,ne_zh,tel,if_driver,can_login,cur_company,cloud_id,sys_flg)VALUES('31034','张华','13621758971','Y','N',11001,'XYZABC','Normal');
INSERT INTO tbl_user_account(user_a,ne_zh,tel,if_driver,can_login,cur_company,cloud_id,sys_flg)VALUES('31035','卢友领','15821405972','Y','N',11001,'XYZABC','Normal');
INSERT INTO tbl_user_account(user_a,ne_zh,tel,if_driver,can_login,cur_company,cloud_id,sys_flg)VALUES('31036','张建国','13962639232','Y','N',11001,'XYZABC','Normal');
INSERT INTO tbl_user_account(user_a,ne_zh,tel,if_driver,can_login,cur_company,cloud_id,sys_flg)VALUES('31037','黄军','13554588251','Y','N',11001,'XYZABC','Normal');
INSERT INTO tbl_user_account(user_a,ne_zh,tel,if_driver,can_login,cur_company,cloud_id,sys_flg)VALUES('31038','金建良','','Y','N',11001,'XYZABC','Normal');
INSERT INTO tbl_user_account(user_a,ne_zh,tel,if_driver,can_login,cur_company,cloud_id,sys_flg)VALUES('31039','张细毛','15800638806','Y','N',12001,'XYZABC','Normal');
INSERT INTO tbl_user_account(user_a,ne_zh,tel,if_driver,can_login,cur_company,cloud_id,sys_flg)VALUES('31040','殷志昂','18721955715','Y','N',12001,'XYZABC','Normal');
INSERT INTO tbl_user_account(user_a,ne_zh,tel,if_driver,can_login,cur_company,cloud_id,sys_flg)VALUES('31041','张东风','18256150181','Y','N',12001,'XYZABC','Normal');
INSERT INTO tbl_user_account(user_a,ne_zh,tel,if_driver,can_login,cur_company,cloud_id,sys_flg)VALUES('31042','王太平','13661568767','Y','N',12001,'XYZABC','Normal');
INSERT INTO tbl_user_account(user_a,ne_zh,tel,if_driver,can_login,cur_company,cloud_id,sys_flg)VALUES('31043','顾启亚','13817068464','Y','N',12001,'XYZABC','Normal');
INSERT INTO tbl_user_account(user_a,ne_zh,tel,if_driver,can_login,cur_company,cloud_id,sys_flg)VALUES('31044','张庆宏','18321329523','Y','N',12001,'XYZABC','Normal');
INSERT INTO tbl_user_account(user_a,ne_zh,tel,if_driver,can_login,cur_company,cloud_id,sys_flg)VALUES('31045','刘敬礼','18502193823','Y','N',12001,'XYZABC','Normal');
INSERT INTO tbl_user_account(user_a,ne_zh,tel,if_driver,can_login,cur_company,cloud_id,sys_flg)VALUES('31046','顾海威','18021818981','Y','N',12001,'XYZABC','Normal');
INSERT INTO tbl_user_account(user_a,ne_zh,tel,if_driver,can_login,cur_company,cloud_id,sys_flg)VALUES('31047','苏芳辉','18338262615','Y','N',12001,'XYZABC','Normal');
INSERT INTO tbl_user_account(user_a,ne_zh,tel,if_driver,can_login,cur_company,cloud_id,sys_flg)VALUES('31048','刘飞','15012353470','Y','N',12001,'XYZABC','Normal');
INSERT INTO tbl_user_account(user_a,ne_zh,tel,if_driver,can_login,cur_company,cloud_id,sys_flg)VALUES('31049','张帅','13155212188','Y','N',12001,'XYZABC','Normal');
INSERT INTO tbl_user_account(user_a,ne_zh,tel,if_driver,can_login,cur_company,cloud_id,sys_flg)VALUES('31050','张永辉','13852236468','Y','N',12001,'XYZABC','Normal');
INSERT INTO tbl_user_account(user_a,ne_zh,tel,if_driver,can_login,cur_company,cloud_id,sys_flg)VALUES('31051','宛银春','15821416327','Y','N',12001,'XYZABC','Normal');
INSERT INTO tbl_user_account(user_a,ne_zh,tel,if_driver,can_login,cur_company,cloud_id,sys_flg)VALUES('31052','王鹏程','13869450321','Y','N',12001,'XYZABC','Normal');
INSERT INTO tbl_user_account(user_a,ne_zh,tel,if_driver,can_login,cur_company,cloud_id,sys_flg)VALUES('31053','刘志华','17521531289','Y','N',12001,'XYZABC','Normal');
INSERT INTO tbl_user_account(user_a,ne_zh,tel,if_driver,can_login,cur_company,cloud_id,sys_flg)VALUES('31054','梅占林','15866998508','Y','N',12001,'XYZABC','Normal');
INSERT INTO tbl_user_account(user_a,ne_zh,tel,if_driver,can_login,cur_company,cloud_id,sys_flg)VALUES('31055','刘清龙','18217096718','Y','N',12001,'XYZABC','Normal');
INSERT INTO tbl_user_account(user_a,ne_zh,tel,if_driver,can_login,cur_company,cloud_id,sys_flg)VALUES('31056','朱泽华','15827796662','Y','N',12001,'XYZABC','Normal');
INSERT INTO tbl_user_account(user_a,ne_zh,tel,if_driver,can_login,cur_company,cloud_id,sys_flg)VALUES('31057','吴全刚','13701920475','Y','N',12001,'XYZABC','Normal');
INSERT INTO tbl_user_account(user_a,ne_zh,tel,if_driver,can_login,cur_company,cloud_id,sys_flg)VALUES('31058','张兆明','18055252522','Y','N',12001,'XYZABC','Normal');
INSERT INTO tbl_user_account(user_a,ne_zh,tel,if_driver,can_login,cur_company,cloud_id,sys_flg)VALUES('31059','项开寨','18818118013','Y','N',12001,'XYZABC','Normal');
INSERT INTO tbl_user_account(user_a,ne_zh,tel,if_driver,can_login,cur_company,cloud_id,sys_flg)VALUES('31060','储云','13797513211','Y','N',12001,'XYZABC','Normal');
INSERT INTO tbl_user_account(user_a,ne_zh,tel,if_driver,can_login,cur_company,cloud_id,sys_flg)VALUES('31061','李留西','13501994597','Y','N',12001,'XYZABC','Normal');
INSERT INTO tbl_user_account(user_a,ne_zh,tel,if_driver,can_login,cur_company,cloud_id,sys_flg)VALUES('31062','苏彬','13605223698','Y','N',12001,'XYZABC','Normal');
INSERT INTO tbl_user_account(user_a,ne_zh,tel,if_driver,can_login,cur_company,cloud_id,sys_flg)VALUES('31063','蒋兵','13661611005','Y','N',12001,'XYZABC','Normal');
INSERT INTO tbl_user_account(user_a,ne_zh,tel,if_driver,can_login,cur_company,cloud_id,sys_flg)VALUES('31064','赵战欣','15027171545','Y','N',12001,'XYZABC','Normal');
INSERT INTO tbl_user_account(user_a,ne_zh,tel,if_driver,can_login,cur_company,cloud_id,sys_flg)VALUES('31065','凡跃云','15062096939','Y','N',12001,'XYZABC','Normal');


#--设置司机速记码
UPDATE tbl_user_account SET init_spell=LEFT(getInitSpell(ne_zh),5);


INSERT INTO tbl_truck(truck,plate_number,company,cur_company,truck_type,truck_form,cloud_id,sys_flg)VALUES('32001','沪DF0356','11005','11005','单车','10.5飞翼','XYZABC','Normal');
INSERT INTO tbl_truck(truck,plate_number,company,cur_company,truck_type,truck_form,cloud_id,sys_flg)VALUES('32002','沪DF4095','11005','11005','单车','10.5飞翼','XYZABC','Normal');
INSERT INTO tbl_truck(truck,plate_number,company,cur_company,truck_type,truck_form,cloud_id,sys_flg)VALUES('32003','沪DE4405','11005','11005','单车','8.6飞翼-高车','XYZABC','Normal');
INSERT INTO tbl_truck(truck,plate_number,company,cur_company,truck_type,truck_form,cloud_id,sys_flg)VALUES('32004','沪DG1606','11005','11005','单车','8.6飞翼-高车','XYZABC','Normal');
INSERT INTO tbl_truck(truck,plate_number,company,cur_company,truck_type,truck_form,cloud_id,sys_flg)VALUES('32005','沪DG0146','11005','11005','单车','10.5米飞翼','XYZABC','Normal');
INSERT INTO tbl_truck(truck,plate_number,company,cur_company,truck_type,truck_form,cloud_id,sys_flg)VALUES('32006','沪DF0302','11006','11006','单车','10.5飞翼','XYZABC','Normal');
INSERT INTO tbl_truck(truck,plate_number,company,cur_company,truck_type,truck_form,cloud_id,sys_flg)VALUES('32007','沪DF0329','11006','11006','单车','10.5飞翼','XYZABC','Normal');
INSERT INTO tbl_truck(truck,plate_number,company,cur_company,truck_type,truck_form,cloud_id,sys_flg)VALUES('32008','沪DF0337','11006','11006','单车','10.5飞翼','XYZABC','Normal');
INSERT INTO tbl_truck(truck,plate_number,company,cur_company,truck_type,truck_form,cloud_id,sys_flg)VALUES('32009','沪DG1841','11006','11006','单车','10.5飞翼','XYZABC','Normal');
INSERT INTO tbl_truck(truck,plate_number,company,cur_company,truck_type,truck_form,cloud_id,sys_flg)VALUES('32010','沪DE5571','11006','11006','单车','10.5飞翼','XYZABC','Normal');
INSERT INTO tbl_truck(truck,plate_number,company,cur_company,truck_type,truck_form,cloud_id,sys_flg)VALUES('32011','沪DF6683','11006','11006','单车','10.5飞翼','XYZABC','Normal');
INSERT INTO tbl_truck(truck,plate_number,company,cur_company,truck_type,truck_form,cloud_id,sys_flg)VALUES('32012','沪DJ8665','11006','11006','单车','8.6飞翼-高车','XYZABC','Normal');
INSERT INTO tbl_truck(truck,plate_number,company,cur_company,truck_type,truck_form,cloud_id,sys_flg)VALUES('32013','沪DF6570','11006','11006','单车','10.5米飞翼','XYZABC','Normal');
INSERT INTO tbl_truck(truck,plate_number,company,cur_company,truck_type,truck_form,cloud_id,sys_flg)VALUES('32014','沪FF5879','11006','11006','单车','10.5米飞翼','XYZABC','Normal');
INSERT INTO tbl_truck(truck,plate_number,company,cur_company,truck_type,truck_form,cloud_id,sys_flg)VALUES('32015','沪FG8333','11006','11006','单车','10.5米飞翼','XYZABC','Normal');
INSERT INTO tbl_truck(truck,plate_number,company,cur_company,truck_type,truck_form,cloud_id,sys_flg)VALUES('32016','沪DH4819','11006','11006','单车','10.5米飞翼','XYZABC','Normal');
INSERT INTO tbl_truck(truck,plate_number,company,cur_company,truck_type,truck_form,cloud_id,sys_flg)VALUES('32017','沪DF2667','11001','11001','危险品单车','9.6飞翼','XYZABC','Normal');
INSERT INTO tbl_truck(truck,plate_number,company,cur_company,truck_type,truck_form,cloud_id,sys_flg)VALUES('32018','沪FF8606','11001','11001','单车','9.6飞翼','XYZABC','Normal');
INSERT INTO tbl_truck(truck,plate_number,company,cur_company,truck_type,truck_form,cloud_id,sys_flg)VALUES('32019','沪EC0175','11001','11001','危险品单车','9.6飞翼','XYZABC','Normal');
INSERT INTO tbl_truck(truck,plate_number,company,cur_company,truck_type,truck_form,cloud_id,sys_flg)VALUES('32020','沪EJ3156','11001','11001','危险品单车','9.6飞翼','XYZABC','Normal');
INSERT INTO tbl_truck(truck,plate_number,company,cur_company,truck_type,truck_form,cloud_id,sys_flg)VALUES('32021','沪DT0788','11001','11001','危险品单车','8.6飞翼','XYZABC','Normal');
INSERT INTO tbl_truck(truck,plate_number,company,cur_company,truck_type,truck_form,cloud_id,sys_flg)VALUES('32022','沪FF2260','11002','11002','单车','9.6飞翼','XYZABC','Normal');
INSERT INTO tbl_truck(truck,plate_number,company,cur_company,truck_type,truck_form,cloud_id,sys_flg)VALUES('32023','沪FH9892','11002','11002','单车','9.6飞翼','XYZABC','Normal');
INSERT INTO tbl_truck(truck,plate_number,company,cur_company,truck_type,truck_form,cloud_id,sys_flg)VALUES('32024','沪FF3939','11002','11002','单车','9.6飞翼','XYZABC','Normal');
INSERT INTO tbl_truck(truck,plate_number,company,cur_company,truck_type,truck_form,cloud_id,sys_flg)VALUES('32025','沪FE6337','11002','11002','单车','9.6飞翼','XYZABC','Normal');
INSERT INTO tbl_truck(truck,plate_number,company,cur_company,truck_type,truck_form,cloud_id,sys_flg)VALUES('32026','沪FE3379','11002','11002','单车','9.6飞翼','XYZABC','Normal');
INSERT INTO tbl_truck(truck,plate_number,company,cur_company,truck_type,truck_form,cloud_id,sys_flg)VALUES('32027','沪DJ7933','12001','12001','单车','8.6米飞翼','XYZABC','Normal');
INSERT INTO tbl_truck(truck,plate_number,company,cur_company,truck_type,truck_form,cloud_id,sys_flg)VALUES('32028','沪DJ7810','12001','12001','单车','8.6米飞翼','XYZABC','Normal');
INSERT INTO tbl_truck(truck,plate_number,company,cur_company,truck_type,truck_form,cloud_id,sys_flg)VALUES('32029','沪FF9853','12001','12001','单车','9.6米飞翼','XYZABC','Normal');
INSERT INTO tbl_truck(truck,plate_number,company,cur_company,truck_type,truck_form,cloud_id,sys_flg)VALUES('32030','沪FG5195','12001','12001','单车','9.6米飞翼','XYZABC','Normal');
INSERT INTO tbl_truck(truck,plate_number,company,cur_company,truck_type,truck_form,cloud_id,sys_flg)VALUES('32031','沪FE1359','12001','12001','单车','9.6米飞翼','XYZABC','Normal');
INSERT INTO tbl_truck(truck,plate_number,company,cur_company,truck_type,truck_form,cloud_id,sys_flg)VALUES('32032','沪EJ3267','12001','12001','挂车','12.5米飞翼','XYZABC','Normal');
INSERT INTO tbl_truck(truck,plate_number,company,cur_company,truck_type,truck_form,cloud_id,sys_flg)VALUES('32033','沪EH3785','12001','12001','挂车','13.5米飞翼','XYZABC','Normal');
INSERT INTO tbl_truck(truck,plate_number,company,cur_company,truck_type,truck_form,cloud_id,sys_flg)VALUES('32034','沪EL6916','12001','12001','危险品挂车','13.5米飞翼','XYZABC','Normal');
INSERT INTO tbl_truck(truck,plate_number,company,cur_company,truck_type,truck_form,cloud_id,sys_flg)VALUES('32035','沪ER2530','12001','12001','挂车','13.5米飞翼','XYZABC','Normal');
INSERT INTO tbl_truck(truck,plate_number,company,cur_company,truck_type,truck_form,cloud_id,sys_flg)VALUES('32036','沪EP0955','12001','12001','挂车','13.5米飞翼','XYZABC','Normal');
INSERT INTO tbl_truck(truck,plate_number,company,cur_company,truck_type,truck_form,cloud_id,sys_flg)VALUES('32037','沪EP0967','12001','12001','挂车','13.5米飞翼','XYZABC','Normal');
INSERT INTO tbl_truck(truck,plate_number,company,cur_company,truck_type,truck_form,cloud_id,sys_flg)VALUES('32038','沪EK9116','12001','12001','挂车','13.5米飞翼','XYZABC','Normal');
INSERT INTO tbl_truck(truck,plate_number,company,cur_company,truck_type,truck_form,cloud_id,sys_flg)VALUES('32039','沪ER0101','12001','12001','挂车','13.5米飞翼','XYZABC','Normal');
INSERT INTO tbl_truck(truck,plate_number,company,cur_company,truck_type,truck_form,cloud_id,sys_flg)VALUES('32040','沪DP1099','12001','12001','挂车','13.5米飞翼','XYZABC','Normal');
INSERT INTO tbl_truck(truck,plate_number,company,cur_company,truck_type,truck_form,cloud_id,sys_flg)VALUES('32041','沪ES9018','12001','12001','挂车','16米飞翼','XYZABC','Normal');
INSERT INTO tbl_truck(truck,plate_number,company,cur_company,truck_type,truck_form,cloud_id,sys_flg)VALUES('32042','沪DS8603','12001','12001','挂车','12.5米飞翼','XYZABC','Normal');
INSERT INTO tbl_truck(truck,plate_number,company,cur_company,truck_type,truck_form,cloud_id,sys_flg)VALUES('32043','沪FP1093','12001','12001','挂车','13.5米飞翼','XYZABC','Normal');
INSERT INTO tbl_truck(truck,plate_number,company,cur_company,truck_type,truck_form,cloud_id,sys_flg)VALUES('32044','沪D73625','12001','12001','挂车','12.5米飞翼','XYZABC','Normal');
INSERT INTO tbl_truck(truck,plate_number,company,cur_company,truck_type,truck_form,cloud_id,sys_flg)VALUES('32045','沪D80165','12001','12001','挂车','16米飞翼','XYZABC','Normal');
INSERT INTO tbl_truck(truck,plate_number,company,cur_company,truck_type,truck_form,cloud_id,sys_flg)VALUES('32046','沪FL6666','12001','12001','挂车','12.5米飞翼','XYZABC','Normal');
INSERT INTO tbl_truck(truck,plate_number,company,cur_company,truck_type,truck_form,cloud_id,sys_flg)VALUES('32047','沪DDX387','12001','12001','单车','4.2米箱车','XYZABC','Normal');
INSERT INTO tbl_truck(truck,plate_number,company,cur_company,truck_type,truck_form,cloud_id,sys_flg)VALUES('32048','沪FG8097','12002','12002','单车','9.6米飞翼','XYZABC','Normal');
INSERT INTO tbl_truck(truck,plate_number,company,cur_company,truck_type,truck_form,cloud_id,sys_flg)VALUES('32049','沪FH7566','12002','12002','单车','9.6米飞翼','XYZABC','Normal');
INSERT INTO tbl_truck(truck,plate_number,company,cur_company,truck_type,truck_form,cloud_id,sys_flg)VALUES('32050','沪FE5807','12002','12002','单车','9.6米飞翼','XYZABC','Normal');
INSERT INTO tbl_truck(truck,plate_number,company,cur_company,truck_type,truck_form,cloud_id,sys_flg)VALUES('32051','沪DT3556','12003','12003','单车','9.6米飞翼','XYZABC','Normal');
INSERT INTO tbl_truck(truck,plate_number,company,cur_company,truck_type,truck_form,cloud_id,sys_flg)VALUES('32052','沪DG3603','12003','12003','单车','9.6米飞翼','XYZABC','Normal');
INSERT INTO tbl_truck(truck,plate_number,company,cur_company,truck_type,truck_form,cloud_id,sys_flg)VALUES('32053','沪DR0623','12003','12003','单车','9.6米飞翼','XYZABC','Normal');





